ParkingZone,Restriction_Days,Time_Restrictions_Start,Time_Restrictions_Finish,Restriction_Display
7033,Mon-Fri,07:30:00,18:30:00,2P
7047,Sat,07:30:00,12:30:00,2P
7068,Sat,07:30:00,12:30:00,1P
7089,Sat,07:30:00,12:30:00,2P
7109,Sat,07:30:00,12:30:00,1P
7113,Sat,07:30:00,12:30:00,2P
7119,Sat,07:30:00,12:30:00,2P
7123,Mon-Fri,16:00:00,18:30:00,2P
7123,Sat,00:00:00,07:30:00,2P
7128,Mon-Fri,18:30:00,19:00:00,MP2P
7129,Mon-Fri,09:30:00,16:30:00,MP2P
7142,Sat,07:30:00,13:30:00,4P
7152,Mon-Fri,07:30:00,18:30:00,PP
7172,Mon-Fri,16:00:00,18:30:00,2P
7173,Mon-Sat,07:30:00,18:30:00,2P
7196,Mon-Sat,07:30:00,18:30:00,2P
7194,Mon-Sat,07:30:00,18:30:00,2P
7203,Mon-Sat,07:30:00,18:30:00,2P
7204,Mon-Sat,07:30:00,18:30:00,2P
7214,Mon-Sat,07:30:00,18:30:00,2P
7219,Mon-Fri,07:00:00,19:00:00,MP2P
7225,Sat-Sun,07:00:00,22:00:00,MP2P
7229,Mon-Fri,09:30:00,16:00:00,2P
7240,Mon-Fri,19:30:00,23:59:00,SP
7241,Sat,07:30:00,12:30:00,1P
7260,Sat,07:30:00,20:30:00,2P
7284,Sat,07:30:00,12:30:00,2P
7289,Mon-Fri,09:30:00,18:30:00,2P
7306,Mon-Fri,07:00:00,19:00:00,MP2P
7307,Mon-Fri,16:00:00,19:00:00,MP2P
7310,Mon-Fri,07:00:00,19:00:00,MP2P
7310,Mon-Sat,07:30:00,20:30:00,2P
7327,Mon-Fri,07:00:00,19:00:00,MP4P
7329,Mon-Fri,07:00:00,16:00:00,LZ30
7347,Mon-Fri,16:00:00,19:00:00,MP2P
7357,Mon-Fri,19:00:00,22:00:00,MP2P
7376,Mon-Fri,07:30:00,18:30:00,4P
7372,Mon-Fri,07:30:00,18:30:00,PP
7392,Mon-Fri,07:30:00,18:30:00,2P
7402,Mon-Fri,16:00:00,19:00:00,MP2P
7412,Mon-Fri,16:00:00,19:00:00,MP2P
7416,Mon-Fri,07:00:00,16:00:00,LZ30
7417,Mon-Fri,07:00:00,19:00:00,MP2P
7425,Sat-Sun,07:00:00,22:00:00,MP2P
7436,Mon-Fri,07:00:00,19:00:00,MP2P
7444,Mon-Fri,07:00:00,16:00:00,LZ30
7445,Mon-Fri,10:00:00,16:00:00,MP2P
7449,Mon-Fri,10:00:00,16:00:00,MP1P
7455,Mon-Fri,07:00:00,19:00:00,MP2P
7457,Sat-Sun,07:00:00,22:00:00,MP2P
7459,Mon-Fri,07:00:00,16:00:00,LZ30
7471,Sat-Sun,07:00:00,22:00:00,MP2P
7500,Sat-Sun,07:00:00,22:00:00,MP2P
7501,Sat-Sun,07:00:00,22:00:00,MP2P
7508,Mon-Fri,07:00:00,16:00:00,LZ30
7534,Mon-Fri,16:00:00,19:00:00,MP2P
7537,Mon-Fri,07:00:00,19:00:00,MP2P
7539,Mon-Fri,07:00:00,16:00:00,LZ30
7557,Mon-Fri,07:00:00,16:00:00,MP2P
7557,Mon-Fri,19:00:00,22:00:00,MP2P
7568,Mon-Fri,19:00:00,22:00:00,MP2P
7569,Mon-Fri,19:00:00,22:00:00,MP2P
7569,Sat-Sun,07:00:00,22:00:00,MP2P
7570,Sat-Sun,07:00:00,22:00:00,MP2P
7580,Sat-Sun,07:00:00,22:00:00,MP2P
7579,Sat-Sun,07:00:00,22:00:00,MP2P
7584,Mon-Fri,15:00:00,18:30:00,QP
7590,Mon-Fri,07:00:00,16:00:00,LZ30
7593,Mon-Fri,16:00:00,19:00:00,MP2P
7604,Sat-Sun,07:00:00,22:00:00,MP2P
7607,Mon-Fri,07:00:00,19:00:00,MP2P
7614,Sat-Sun,07:00:00,22:00:00,MP2P
7624,Mon-Fri,10:00:00,16:00:00,MP2P
7639,Mon-Fri,07:00:00,19:00:00,MP2P
7637,Mon-Fri,19:00:00,22:00:00,MP2P
7643,Mon-Fri,18:00:00,19:00:00,MP2P
7649,Mon-Fri,19:00:00,22:00:00,MP2P
7655,Sat,07:30:00,12:30:00,2P
7665,Mon-Fri,07:30:00,18:30:00,2P
7687,Mon-Fri,18:30:00,19:00:00,MP2P
7687,Mon-Fri,19:00:00,22:00:00,MP2P
7696,Sat-Sun,07:00:00,22:00:00,MP2P
7716,Mon-Sat,07:30:00,18:30:00,2P
7722,Mon-Fri,07:30:00,18:30:00,1P
7724,Mon-Fri,07:30:00,18:30:00,4P
7725,Sat,07:30:00,12:30:00,1P
7732,Sat,07:30:00,18:30:00,2P
7756,Mon-Fri,07:30:00,18:30:00,4P
7755,Sat-Sun,07:00:00,22:00:00,MP3P
7765,Sat-Sun,07:00:00,22:00:00,MP2P
7769,Mon-Fri,07:00:00,16:00:00,LZ30
7774,Sat-Sun,07:00:00,22:00:00,MP2P
7778,Sat,07:30:00,13:30:00,4P
7791,Mon-Fri,16:00:00,19:00:00,MP2P
7801,Mon-Fri,07:00:00,19:00:00,MP2P
7805,Mon-Fri,07:30:00,18:30:00,PP
7810,Mon-Fri,19:00:00,22:00:00,MP2P
7823,Mon-Fri,19:00:00,22:00:00,MP2P
7831,Sat-Sun,07:00:00,22:00:00,MP3P
7842,Mon-Fri,07:00:00,19:00:00,MP3P
7846,Mon-Fri,19:00:00,22:00:00,MP3P
7847,Mon-Fri,07:00:00,19:00:00,MP3P
7848,Sat-Sun,07:00:00,22:00:00,MP3P
7855,Mon-Fri,07:00:00,19:00:00,MP2P
7856,Mon-Fri,07:00:00,16:00:00,LZ30
7871,Mon-Fri,19:00:00,22:00:00,MP2P
7872,Mon-Fri,19:00:00,22:00:00,MP2P
7875,Mon-Fri,16:00:00,19:00:00,MP2P
7876,Mon-Fri,07:00:00,19:00:00,MP4P
7886,Mon-Fri,07:00:00,19:00:00,MP3P
7893,Mon-Fri,07:00:00,19:00:00,MP3P
7900,Mon-Fri,07:00:00,19:00:00,MP3P
7903,Sat-Sun,07:00:00,22:00:00,MP3P
7899,Mon-Fri,19:00:00,22:00:00,MP3P
7924,Sat,07:30:00,12:30:00,2P
7932,Sat-Sun,07:00:00,22:00:00,MP2P
7942,Sat-Sun,07:00:00,22:00:00,MP2P
7967,Sat-Sun,07:00:00,22:00:00,MP2P
7972,Mon-Fri,19:00:00,22:00:00,MP2P
7975,Mon-Fri,07:30:00,18:30:00,4P
7012,Sat,07:30:00,12:30:00,2P
7023,Sat,07:30:00,12:30:00,2P
7036,Mon-Fri,07:30:00,18:30:00,2P
7066,Sat,07:30:00,12:30:00,2P
7069,Mon-Fri,07:30:00,18:30:00,1P
7072,Mon-Fri,07:30:00,18:30:00,1P
7072,Sat,07:30:00,12:30:00,1P
7082,Mon-Fri,07:30:00,18:30:00,PP
7082,Sat,07:30:00,12:30:00,PP
7083,Sat,07:30:00,12:30:00,2P
7092,Sat,07:30:00,12:30:00,4P
7101,Sat,07:30:00,12:30:00,HP
7103,Mon-Fri,07:30:00,18:30:00,2P
7109,Mon-Fri,07:30:00,18:30:00,1P
7112,Mon-Fri,07:30:00,16:00:00,2P
7119,Mon-Fri,07:30:00,18:30:00,2P
7130,Mon-Fri,09:30:00,16:30:00,LZ30
7133,Mon-Fri,09:30:00,16:00:00,LZ30
7136,Mon-Fri,18:30:00,19:00:00,MP2P
7139,Sat-Sun,07:00:00,22:00:00,MP2P
7141,Mon-Fri,09:30:00,16:00:00,MP2P
7141,Mon-Fri,18:30:00,19:00:00,MP2P
7142,Mon-Fri,07:30:00,16:00:00,4P
7141,Sat-Sun,07:00:00,22:00:00,MP2P
7144,Mon-Fri,18:30:00,19:00:00,MP2P
7149,Mon-Fri,07:30:00,18:30:00,4P
7133,Sat-Sun,07:00:00,22:00:00,MP2P
7165,Mon-Sat,07:30:00,19:30:00,2P
7175,Mon-Sat,07:30:00,18:30:00,2P
7190,Mon-Fri,19:00:00,22:00:00,MP2P
7190,Mon-Fri,16:00:00,19:00:00,MP2P
7195,Mon-Sat,07:30:00,18:30:00,2P
7219,Sat-Sun,07:00:00,22:00:00,MP2P
7220,Mon-Sat,07:30:00,18:30:00,2P
7222,Mon-Fri,16:00:00,18:30:00,QP
7228,Mon-Fri,16:00:00,18:30:00,QP
7232,Mon-Sat,07:30:00,18:30:00,2P
7240,Mon-Fri,00:00:00,07:30:00,SP
7244,Sat,07:30:00,12:30:00,2P
7245,Mon-Fri,09:30:00,18:30:00,2P
7243,Sat,07:30:00,12:30:00,1P
7227,Mon-Sat,07:30:00,18:30:00,2P
7249,Mon-Sat,07:30:00,20:30:00,MP2P
7263,Sat,07:30:00,12:30:00,4P
7273,Sat-Sun,07:00:00,22:00:00,MP2P
7274,Sat-Sun,07:00:00,22:00:00,MP2P
7288,Mon-Fri,07:30:00,18:30:00,2P
7297,Mon-Fri,07:30:00,18:30:00,2P
7317,Mon-Fri,07:00:00,19:00:00,MP4P
7308,Mon-Fri,07:00:00,16:00:00,LZ30
7289,Sat,07:30:00,12:30:00,2P
7322,Mon-Fri,07:00:00,19:00:00,MP4P
7333,Mon-Fri,19:00:00,22:00:00,MP2P
7334,Mon-Fri,07:00:00,16:00:00,LZ30
7338,Mon-Fri,19:00:00,22:00:00,MP2P
7339,Mon-Fri,19:00:00,22:00:00,MP2P
7339,Sat-Sun,07:00:00,22:00:00,MP2P
7343,Sun,07:30:00,18:30:00,FP1P
7345,Sat-Sun,07:00:00,22:00:00,MP2P
7347,Mon-Fri,19:00:00,22:00:00,MP2P
7347,Sat-Sun,07:00:00,22:00:00,MP2P
7350,Mon-Fri,07:00:00,19:00:00,MP2P
7351,Mon-Fri,19:00:00,22:00:00,MP2P
7351,Sat-Sun,07:00:00,22:00:00,MP2P
7359,Mon-Fri,19:00:00,22:00:00,MP2P
7362,Sat-Sun,07:00:00,22:00:00,MP2P
7363,Mon-Fri,19:00:00,22:00:00,MP2P
7365,Mon-Fri,16:00:00,19:00:00,MP2P
7378,Mon-Fri,16:00:00,19:00:00,MP2P
7383,Mon-Fri,07:00:00,19:00:00,MP2P
7384,Mon-Fri,07:00:00,19:00:00,MP2P
7389,Mon-Fri,19:00:00,22:00:00,MP2P
7392,Sat,07:30:00,12:30:00,2P
7393,Mon-Sat,07:30:00,18:30:00,2P
7391,Sun,07:30:00,18:30:00,FP1P
7400,Mon-Fri,07:00:00,16:00:00,LZ30
7404,Mon-Fri,16:00:00,19:00:00,MP2P
7404,Mon-Fri,19:00:00,22:00:00,MP2P
7408,Sat-Sun,07:00:00,22:00:00,MP2P
7413,Mon-Fri,07:30:00,16:00:00,LZ15
7418,Mon-Fri,07:00:00,16:00:00,LZ30
7423,Sat-Sun,07:00:00,22:00:00,MP2P
7413,Mon-Fri,07:00:00,19:00:00,MP2P
7428,Sat-Sun,07:00:00,22:00:00,MP2P
7433,Sat-Sun,07:00:00,22:00:00,MP2P
7437,Mon-Fri,16:00:00,19:00:00,MP2P
7438,Sat-Sun,07:00:00,22:00:00,MP2P
7444,Mon-Fri,19:00:00,22:00:00,MP2P
7444,Sat-Sun,07:00:00,22:00:00,MP2P
7445,Mon-Fri,16:00:00,19:00:00,FP15
7446,Sat-Sun,07:00:00,22:00:00,MP2P
7455,Sat-Sun,07:00:00,22:00:00,MP2P
7458,Mon-Fri,19:00:00,22:00:00,MP2P
7462,Mon-Fri,07:00:00,19:00:00,MP2P
7472,Mon-Fri,19:00:00,22:00:00,MP2P
7478,Mon-Fri,19:00:00,22:00:00,MP2P
7481,Mon-Fri,19:00:00,22:00:00,MP2P
7491,Mon-Fri,07:00:00,16:00:00,LZ30
7492,Mon-Fri,19:00:00,22:00:00,MP2P
7496,Sat-Sun,07:00:00,22:00:00,MP2P
7503,Sat-Sun,07:00:00,22:00:00,MP2P
7504,Mon-Fri,07:00:00,16:00:00,LZ30
7504,Mon-Fri,19:00:00,22:00:00,MP2P
7512,Mon-Fri,07:00:00,16:00:00,LZ30
7514,Mon-Fri,19:00:00,22:00:00,MP2P
7512,Sat-Sun,07:00:00,22:00:00,MP2P
7517,Mon-Fri,19:00:00,22:00:00,MP2P
7518,Sat-Sun,07:00:00,22:00:00,MP2P
7529,Mon-Fri,16:00:00,19:00:00,MP2P
7529,Sat-Sun,07:00:00,22:00:00,MP2P
7533,Mon-Fri,07:00:00,19:00:00,MP2P
7534,Mon-Fri,07:00:00,19:00:00,MP2P
7536,Mon-Fri,17:00:00,22:00:00,MP2P
7541,Mon-Sat,07:30:00,20:30:00,MP2P
7548,Mon-Fri,19:00:00,22:00:00,MP2P
7549,Mon-Fri,19:00:00,22:00:00,MP2P
7562,Sat-Sun,07:00:00,22:00:00,MP2P
7563,Mon-Fri,18:00:00,19:00:00,MP2P
7569,Mon-Fri,16:00:00,19:00:00,MP2P
7573,Mon-Fri,19:00:00,22:00:00,MP2P
7576,Mon-Fri,19:00:00,22:00:00,MP2P
7583,Sat-Sun,07:00:00,22:00:00,MP2P
7590,Mon-Fri,19:00:00,22:00:00,MP2P
7591,Mon-Fri,19:00:00,22:00:00,MP2P
7601,Sat-Sun,07:00:00,22:00:00,MP2P
7603,Mon-Fri,19:00:00,22:00:00,MP2P
7608,Mon-Fri,16:00:00,19:00:00,MP2P
7611,Sat-Sun,07:00:00,22:00:00,MP2P
7612,Sat-Sun,07:00:00,22:00:00,MP2P
7608,Sat-Sun,07:00:00,22:00:00,MP2P
7622,Mon-Fri,19:00:00,22:00:00,MP2P
7622,Sat-Sun,07:00:00,22:00:00,MP2P
7615,Sat-Sun,07:00:00,22:00:00,MP2P
7625,Sat-Sun,07:00:00,22:00:00,MP2P
7628,Mon-Fri,07:00:00,19:00:00,MP2P
7633,Mon-Fri,16:00:00,19:00:00,MP2P
7635,Mon-Fri,16:00:00,19:00:00,MP2P
7638,Mon-Fri,07:00:00,19:00:00,MP2P
7639,Mon-Fri,19:00:00,22:00:00,MP2P
7641,Sat-Sun,07:00:00,22:00:00,MP2P
7642,Mon-Fri,19:00:00,22:00:00,MP2P
7647,Mon-Fri,19:00:00,22:00:00,MP2P
7647,Sat-Sun,07:00:00,22:00:00,MP2P
7650,Mon-Fri,07:00:00,19:00:00,MP2P
7650,Sat-Sun,07:00:00,22:00:00,MP2P
7653,Sat,07:30:00,12:30:00,2P
7654,Mon-Fri,07:30:00,18:30:00,1P
7656,Mon-Fri,07:30:00,18:30:00,1P
7663,Mon-Fri,07:00:00,19:00:00,MP4P
7660,Mon-Fri,19:00:00,22:00:00,MP2P
7667,Mon-Fri,07:30:00,18:30:00,1P
7674,Mon-Fri,19:00:00,22:00:00,MP2P
7673,Sat-Sun,07:00:00,22:00:00,MP2P
7676,Mon-Fri,07:00:00,16:00:00,LZ30
7676,Sat-Sun,07:00:00,22:00:00,MP2P
7693,Mon-Fri,16:00:00,19:00:00,MP2P
7692,Sat-Sun,07:00:00,22:00:00,MP2P
7699,Sat-Sun,07:00:00,22:00:00,MP2P
7701,Mon-Fri,07:00:00,19:00:00,MP2P
7702,Sat-Sun,07:00:00,22:00:00,MP2P
7704,Sat-Sun,07:00:00,22:00:00,MP2P
7720,Sat,07:30:00,12:30:00,2P
7723,Mon-Fri,07:30:00,18:30:00,PP
7727,Mon-Fri,07:30:00,18:30:00,2P
7727,Sat,07:30:00,12:30:00,2P
7734,Sat,07:30:00,12:30:00,PP
7753,Mon-Fri,07:30:00,18:30:00,2P
7752,Mon-Sat,07:30:00,18:30:00,1P
7761,Mon-Fri,07:30:00,18:30:00,4P
7762,Mon-Fri,10:00:00,19:00:00,MP2P
7769,Sat-Sun,07:00:00,22:00:00,MP2P
7776,Mon-Sat,07:30:00,18:30:00,4P
7784,Mon-Fri,07:30:00,18:30:00,4P
7798,Sat,07:30:00,12:30:00,PP
7799,Mon-Fri,07:30:00,18:30:00,4P
7807,Mon-Fri,07:30:00,18:30:00,PP
7807,Sat,07:30:00,13:30:00,PP
7802,Sat,07:30:00,12:30:00,4P
7818,Mon-Fri,19:00:00,22:00:00,MP2P
7814,Sat-Sun,07:00:00,22:00:00,MP3P
7819,Mon-Fri,19:00:00,22:00:00,MP2P
7820,Sat-Sun,07:00:00,22:00:00,MP2P
7821,Sat-Sun,07:00:00,22:00:00,MP2P
7828,Mon-Fri,19:00:00,22:00:00,MP3P
7831,Mon-Fri,07:00:00,19:00:00,MP3P
7830,Mon-Fri,16:00:00,19:00:00,FP15
7830,Sat-Sun,07:00:00,22:00:00,MP3P
7845,Sat-Sun,07:00:00,22:00:00,MP3P
7850,Mon-Fri,19:00:00,22:00:00,MP2P
7851,Mon-Fri,07:00:00,19:00:00,MP3P
7851,Mon-Fri,19:00:00,22:00:00,MP3P
7856,Mon-Fri,16:00:00,19:00:00,MP2P
7856,Sat-Sun,07:00:00,22:00:00,MP2P
7861,Sat-Sun,07:00:00,22:00:00,MP3P
7868,Mon-Fri,07:00:00,16:00:00,LZ30
7870,Sat-Sun,07:00:00,22:00:00,MP3P
7876,Mon-Fri,19:00:00,22:00:00,MP4P
7893,Mon-Fri,19:00:00,22:00:00,MP3P
7891,Mon-Fri,16:00:00,19:00:00,MP3P
7906,Sat-Sun,07:00:00,22:00:00,MP3P
7901,Mon-Fri,09:00:00,16:00:00,MP2P
7907,Mon-Fri,07:00:00,16:00:00,LZ30
7908,Sat-Sun,07:00:00,22:00:00,MP3P
7910,Mon-Sat,07:30:00,18:30:00,2P
7911,Mon-Fri,07:30:00,18:30:00,PP
7901,Sat-Sun,07:00:00,22:00:00,MP2P
7912,Mon-Fri,07:30:00,18:30:00,PP
7915,Mon-Fri,16:00:00,19:00:00,MP2P
7918,Mon-Fri,19:00:00,22:00:00,MP2P
7918,Sat-Sun,07:00:00,22:00:00,MP2P
7919,Sat,07:30:00,12:30:00,3P
7917,Mon-Fri,16:00:00,19:00:00,MP3P
7922,Mon-Sun,07:30:00,23:00:00,1P
7929,Mon-Fri,19:00:00,22:00:00,MP2P
7933,Mon-Fri,07:00:00,16:00:00,LZ30
7936,Mon-Fri,07:30:00,18:30:00,2P
7938,Mon-Fri,19:00:00,22:00:00,MP2P
7939,Mon-Fri,10:00:00,16:00:00,MP2P
7948,Mon-Fri,19:00:00,22:00:00,MP2P
7948,Sat-Sun,07:00:00,22:00:00,MP2P
7951,Mon-Fri,19:00:00,22:00:00,MP2P
7951,Sat-Sun,07:00:00,22:00:00,MP2P
7952,Mon-Fri,19:00:00,22:00:00,MP2P
7952,Sat-Sun,07:00:00,22:00:00,MP2P
7953,Mon-Fri,16:00:00,19:00:00,MP3P
7955,Mon-Fri,16:00:00,19:00:00,MP3P
7955,Mon-Fri,19:00:00,22:00:00,MP3P
7966,Sat,07:30:00,12:30:00,4P
7967,Mon-Fri,16:00:00,19:00:00,MP2P
7971,Mon-Fri,07:00:00,19:00:00,MP2P
7982,Mon-Fri,07:30:00,18:30:00,4P
7982,Sat,07:30:00,12:30:00,4P
7990,Mon-Fri,07:00:00,19:00:00,MP2P
7001,Sat,07:30:00,12:30:00,2P
7007,Sat,07:30:00,12:30:00,2P
7025,Mon-Fri,07:30:00,18:30:00,2P
7025,Sat,07:30:00,12:30:00,2P
7019,Sat,07:30:00,12:30:00,HP
7028,Sat,07:30:00,12:30:00,1P
7035,Sat,07:30:00,12:30:00,2P
7053,Mon-Sun,07:30:00,23:00:00,1P
7069,Sat,07:30:00,12:30:00,1P
7076,Mon-Fri,07:30:00,18:30:00,2P
7083,Mon-Fri,07:30:00,18:30:00,2P
7088,Mon-Fri,07:30:00,18:30:00,4P
7097,Mon-Fri,07:30:00,18:30:00,1P
7101,Mon-Fri,07:30:00,18:30:00,HP
7122,Mon-Fri,07:30:00,18:30:00,2P
7125,Mon-Fri,19:00:00,22:00:00,MP2P
7127,Sat-Sun,07:00:00,22:00:00,MP2P
7128,Mon-Fri,19:00:00,22:00:00,MP2P
7128,Sat-Sun,07:00:00,22:00:00,MP2P
7131,Mon-Fri,19:00:00,22:00:00,MP2P
7132,Sat-Sun,07:00:00,22:00:00,MP2P
7135,Mon-Fri,09:30:00,16:00:00,MP2P
7135,Mon-Fri,18:30:00,19:00:00,MP2P
7146,Mon-Fri,07:30:00,18:30:00,4P
7147,Sat,07:30:00,12:30:00,4P
7151,Mon-Fri,07:30:00,18:30:00,PP
7153,Mon-Fri,07:30:00,18:30:00,PP
7161,Mon-Sat,07:30:00,18:30:00,2P
7184,Mon-Sat,07:30:00,18:30:00,2P
7192,Mon-Sat,07:30:00,18:30:00,3P
7212,Mon-Sat,07:30:00,18:30:00,2P
7216,Mon-Fri,19:00:00,22:00:00,MP2P
7218,Mon-Fri,19:00:00,22:00:00,MP2P
7222,Mon-Fri,07:30:00,09:30:00,QP
7222,Sat,07:30:00,18:30:00,2P
7223,Mon-Fri,19:00:00,22:00:00,MP2P
7225,Mon-Fri,18:00:00,19:00:00,MP2P
7229,Mon-Fri,07:30:00,09:30:00,QP
7231,Mon-Sat,07:30:00,18:30:00,2P
7234,Sat,07:30:00,12:30:00,1P
7251,Mon-Fri,07:30:00,18:30:00,2P
7251,Sat,07:30:00,12:30:00,2P
7260,Mon-Fri,07:30:00,18:30:00,1P
7260,Sat,07:30:00,12:30:00,1P
7262,Mon-Fri,07:30:00,18:30:00,PP
7264,Mon-Fri,07:30:00,18:30:00,1P
7269,Mon-Sat,07:30:00,18:30:00,2P
7270,Mon-Fri,07:30:00,18:30:00,2P
7249,Sun,07:30:00,18:30:00,FP2P
7288,Sat,07:30:00,12:30:00,2P
7296,Mon-Fri,07:30:00,18:30:00,2P
7296,Sat,07:30:00,12:30:00,2P
7304,Mon-Fri,07:30:00,18:30:00,4P
7307,Sat-Sun,07:00:00,22:00:00,MP2P
7308,Mon-Fri,19:00:00,22:00:00,MP2P
7308,Sat-Sun,07:00:00,22:00:00,MP2P
7322,Sat-Sun,07:00:00,22:00:00,MP4P
7329,Mon-Fri,16:00:00,19:00:00,MP2P
7332,Mon-Fri,07:00:00,19:00:00,MP2P
7332,Mon-Fri,19:00:00,22:00:00,MP2P
7333,Sat-Sun,07:00:00,22:00:00,MP2P
7335,Sat-Sun,07:00:00,22:00:00,MP2P
7338,Mon-Fri,07:00:00,19:00:00,MP2P
7339,Mon-Fri,16:00:00,19:00:00,MP2P
7338,Sat-Sun,07:00:00,22:00:00,MP2P
7343,Sat-Sun,07:00:00,22:00:00,MP2P
7343,Mon-Fri,16:00:00,19:00:00,MP2P
7343,Mon-Sat,07:30:00,18:30:00,MP1P
7343,Mon-Sat,18:30:00,20:30:00,MP2P
7344,Mon-Fri,16:00:00,19:00:00,MP2P
7345,Mon-Fri,19:00:00,22:00:00,MP2P
7354,Mon-Fri,19:00:00,22:00:00,MP2P
7357,Mon-Fri,16:00:00,19:00:00,MP2P
7357,Sat-Sun,07:00:00,22:00:00,MP2P
7359,Mon-Fri,07:00:00,19:00:00,MP2P
7360,Mon-Fri,19:00:00,22:00:00,MP2P
7362,Mon-Fri,19:00:00,22:00:00,MP2P
7367,Mon-Fri,16:00:00,18:30:00,2P
7377,Sat-Sun,07:00:00,22:00:00,MP2P
7378,Mon-Fri,07:00:00,16:00:00,LZ30
7389,Mon-Fri,16:00:00,19:00:00,MP2P
7402,Mon-Fri,10:00:00,16:00:00,LZ30
7406,Sat-Sun,07:00:00,22:00:00,MP2P
7417,Sat-Sun,07:00:00,22:00:00,MP2P
7423,Mon-Fri,07:00:00,16:00:00,LZ30
7425,Mon-Fri,19:00:00,22:00:00,MP2P
7436,Mon-Fri,19:00:00,22:00:00,MP2P
7442,Mon-Sun,07:30:00,23:00:00,2P
7448,Mon-Fri,10:00:00,16:00:00,MP1P
7448,Mon-Sat,18:30:00,20:30:00,MP2P
7450,Mon-Fri,16:00:00,19:00:00,MP2P
7451,Mon-Fri,19:00:00,22:00:00,MP2P
7452,Mon-Fri,19:00:00,22:00:00,MP2P
7454,Mon-Fri,07:00:00,16:00:00,LZ30
7458,Mon-Fri,07:00:00,19:00:00,MP2P
7459,Mon-Fri,19:00:00,22:00:00,MP2P
7462,Sat-Sun,07:00:00,22:00:00,MP2P
7468,Sat,07:30:00,12:30:00,PP
7469,Mon-Fri,07:30:00,16:30:00,PP
7469,Sat,07:30:00,12:30:00,PP
7471,Mon-Fri,10:00:00,16:00:00,MP2P
7471,Mon-Fri,19:00:00,22:00:00,MP2P
7478,Sat-Sun,07:00:00,22:00:00,MP2P
7493,Mon-Fri,19:00:00,22:00:00,MP2P
7496,Mon-Fri,07:00:00,19:00:00,MP2P
7497,Mon-Fri,16:00:00,19:00:00,MP2P
7497,Sat-Sun,07:00:00,22:00:00,MP2P
7500,Mon-Fri,07:00:00,19:00:00,MP2P
7504,Mon-Fri,16:00:00,19:00:00,MP2P
7507,Mon-Fri,07:00:00,16:00:00,LZ30
7509,Mon-Fri,19:00:00,22:00:00,MP2P
7514,Mon-Fri,16:00:00,19:00:00,MP2P
7518,Mon-Fri,07:00:00,19:00:00,MP2P
7519,Mon-Fri,07:00:00,19:00:00,MP2P
7519,Mon-Fri,19:00:00,22:00:00,MP2P
7522,Mon-Fri,19:00:00,22:00:00,MP2P
7534,Sat-Sun,07:00:00,22:00:00,MP2P
7536,Mon-Fri,16:00:00,19:00:00,MP2P
7537,Mon-Fri,19:00:00,22:00:00,MP2P
7543,Mon-Fri,07:00:00,19:00:00,MP2P
7543,Mon-Fri,19:00:00,22:00:00,MP2P
7547,Sat-Sun,07:00:00,22:00:00,MP2P
7551,Mon-Fri,19:00:00,22:00:00,MP2P
7552,Mon-Fri,19:00:00,22:00:00,MP2P
7558,Mon-Fri,10:00:00,16:00:00,LZ30
7559,Sat-Sun,07:00:00,22:00:00,MP2P
7560,Mon-Fri,07:00:00,16:00:00,LZ30
7561,Mon-Fri,18:00:00,19:00:00,MP2P
7563,Mon-Fri,09:00:00,16:00:00,LZ30
7563,Mon-Fri,19:00:00,22:00:00,MP2P
7564,Sat-Sun,07:00:00,22:00:00,MP2P
7568,Sat-Sun,07:00:00,22:00:00,MP2P
7571,Mon-Fri,07:00:00,19:00:00,MP2P
7572,Mon-Fri,19:00:00,22:00:00,MP2P
7574,Mon-Fri,10:00:00,19:00:00,MP2P
7579,Mon-Fri,07:00:00,16:00:00,LZ30
7583,Mon-Fri,16:00:00,19:00:00,MP2P
7584,Sat,07:30:00,18:30:00,PP
7588,Mon-Sat,07:30:00,18:30:00,3P
7595,Sat-Sun,07:00:00,22:00:00,MP2P
7596,Sat-Sun,07:00:00,22:00:00,MP2P
7593,Sat-Sun,07:00:00,22:00:00,MP2P
7606,Mon-Fri,07:00:00,16:00:00,LZ30
7607,Sat-Sun,07:00:00,22:00:00,MP2P
7624,Sat-Sun,07:00:00,22:00:00,MP2P
7626,Sat-Sun,07:00:00,22:00:00,MP2P
7623,Sat-Sun,07:00:00,22:00:00,MP2P
7629,Sat-Sun,07:00:00,22:00:00,MP2P
7635,Mon-Fri,07:00:00,16:00:00,LZ30
7637,Sat-Sun,07:00:00,22:00:00,MP2P
7645,Mon-Fri,19:00:00,22:00:00,MP2P
7649,Mon-Fri,07:00:00,19:00:00,MP2P
7649,Sat-Sun,07:00:00,22:00:00,MP2P
7650,Mon-Fri,19:00:00,22:00:00,MP2P
7651,Mon-Fri,07:00:00,19:00:00,MP4P
7651,Sat-Sun,07:00:00,22:00:00,MP4P
7658,Mon-Fri,07:30:00,18:30:00,1P
7657,Mon-Fri,07:30:00,18:30:00,1P
7662,Sat,07:30:00,12:30:00,3P
7663,Mon-Fri,19:00:00,22:00:00,MP4P
7660,Mon-Fri,16:00:00,19:00:00,MP2P
7669,Mon-Fri,07:30:00,16:30:00,2P
7673,Mon-Fri,07:00:00,16:00:00,LZ30
7686,Mon-Fri,09:30:00,16:00:00,LZ30
7689,Mon-Fri,07:00:00,16:00:00,MP2P
7690,Mon-Fri,07:00:00,16:00:00,LZ30
7690,Sat-Sun,07:00:00,22:00:00,MP2P
7697,Sat-Sun,07:00:00,22:00:00,MP2P
7709,Mon-Fri,07:30:00,18:30:00,4P
7708,Sat,07:30:00,12:30:00,2P
7707,Mon-Fri,07:30:00,18:30:00,2P
7714,Mon-Fri,07:30:00,18:30:00,4P
7724,Sat,07:30:00,12:30:00,4P
7731,Mon-Fri,07:30:00,18:30:00,4P
7741,Mon-Fri,07:30:00,18:30:00,4P
7744,Mon-Fri,07:30:00,16:30:00,4P
7747,Mon-Fri,09:00:00,18:30:00,4P
7751,Mon-Fri,07:30:00,16:30:00,4P
7760,Mon-Fri,19:00:00,22:00:00,MP3P
7766,Sat,07:30:00,12:30:00,2P
7767,Mon-Fri,07:00:00,16:00:00,LZ30
7768,Mon-Fri,07:00:00,16:00:00,MP2P
7772,Mon-Fri,19:00:00,22:00:00,MP2P
7773,Mon-Fri,07:00:00,16:00:00,LZ30
7779,Sat-Sun,07:00:00,22:00:00,MP2P
7786,Mon-Fri,07:30:00,18:30:00,3P
7784,Sat,07:30:00,12:30:00,4P
7798,Mon-Fri,07:30:00,18:30:00,PP
7801,Mon-Fri,19:00:00,22:00:00,MP2P
7817,Mon-Fri,19:00:00,22:00:00,MP2P
7819,Mon-Fri,16:00:00,19:00:00,MP2P
7820,Mon-Fri,19:00:00,22:00:00,MP2P
7821,Mon-Fri,19:00:00,22:00:00,MP2P
7825,Mon-Fri,07:00:00,19:00:00,MP2P
7831,Mon-Fri,19:00:00,22:00:00,MP3P
7827,Mon-Fri,16:00:00,19:00:00,MP4P
7830,Mon-Fri,19:00:00,22:00:00,MP3P
7836,Mon-Fri,07:00:00,19:00:00,MP3P
7838,Sat-Sun,07:00:00,22:00:00,MP2P
7843,Mon-Fri,07:00:00,19:00:00,MP3P
7846,Mon-Fri,07:00:00,19:00:00,MP3P
7849,Sat-Sun,07:00:00,22:00:00,MP3P
7854,Mon-Fri,19:00:00,22:00:00,MP3P
7852,Mon-Fri,19:00:00,22:00:00,MP3P
7860,Mon-Fri,19:00:00,22:00:00,MP3P
7866,Mon-Fri,16:00:00,19:00:00,MP2P
7868,Mon-Fri,19:00:00,22:00:00,MP2P
7870,Mon-Fri,07:00:00,19:00:00,MP3P
7874,Mon-Fri,19:00:00,22:00:00,MP2P
7875,Mon-Fri,07:00:00,16:00:00,LZ30
7884,Mon-Fri,07:00:00,19:00:00,MP3P
7890,Mon-Fri,19:00:00,22:00:00,MP3P
7896,Mon-Fri,07:00:00,19:00:00,MP3P
7896,Sat-Sun,07:00:00,22:00:00,MP3P
7897,Mon-Fri,09:00:00,16:00:00,LZ30
7906,Mon-Fri,07:00:00,19:00:00,MP3P
7897,Sat-Sun,07:00:00,22:00:00,MP2P
7919,Mon-Fri,07:30:00,18:30:00,3P
7929,Mon-Fri,16:00:00,19:00:00,MP2P
7932,Mon-Fri,19:00:00,22:00:00,MP2P
7917,Sat-Sun,07:00:00,22:00:00,MP3P
7933,Mon-Fri,19:00:00,22:00:00,MP2P
7943,Sat-Sun,07:00:00,22:00:00,MP2P
7937,Sat-Sun,07:00:00,22:00:00,MP2P
7949,Mon-Fri,16:00:00,19:00:00,MP2P
7951,Mon-Fri,07:00:00,16:00:00,LZ30
7953,Sat-Sun,07:00:00,22:00:00,MP3P
7956,Sat,07:30:00,12:30:00,PP
7957,Mon-Fri,07:00:00,16:00:00,LZ30
7964,Mon-Fri,07:30:00,18:30:00,PP
7966,Mon-Fri,07:30:00,18:30:00,4P
7971,Mon-Fri,19:00:00,22:00:00,MP2P
7971,Sat-Sun,07:00:00,22:00:00,MP2P
7977,Mon-Fri,07:30:00,18:30:00,4P
7970,Sat-Sun,07:00:00,22:00:00,MP2P
7981,Sat,07:30:00,12:30:00,2P
7983,Mon-Fri,07:00:00,16:00:00,LZ30
7989,Sat-Sun,07:00:00,22:00:00,MP3P
7997,Mon-Fri,07:00:00,16:00:00,LZ30
7000,Mon-Sun,06:00:00,17:00:00,5P
7008,Mon-Fri,07:30:00,18:30:00,1P
7015,Sat,07:30:00,12:30:00,3P
7027,Mon-Fri,07:30:00,18:30:00,4P
7034,Mon-Fri,07:30:00,18:30:00,2P
7043,Mon-Fri,07:30:00,18:30:00,4P
7044,Mon-Sat,07:30:00,18:30:00,2P
7036,Sat,07:30:00,12:30:00,2P
7062,Mon-Fri,07:30:00,18:30:00,2P
7067,Mon-Fri,07:30:00,18:30:00,2P
7078,Mon-Fri,07:30:00,18:30:00,2P
7089,Mon-Fri,07:30:00,18:30:00,2P
7092,Mon-Fri,07:30:00,18:30:00,4P
7095,Sat,07:30:00,12:30:00,1P
7116,Mon-Fri,07:30:00,18:30:00,2P
7119,Mon-Fri,16:00:00,18:30:00,2P
7121,Mon-Fri,07:30:00,18:30:00,2P
7119,Sat,00:00:00,07:30:00,2P
7124,Mon-Fri,09:30:00,16:00:00,MP2P
7124,Mon-Fri,18:30:00,19:00:00,MP2P
7127,Mon-Fri,09:30:00,16:00:00,MP2P
7130,Mon-Fri,18:30:00,19:00:00,MP2P
7133,Mon-Fri,18:30:00,19:00:00,MP2P
7137,Mon-Fri,07:30:00,18:30:00,PP
7147,Mon-Fri,07:30:00,18:30:00,4P
7150,Mon-Fri,07:30:00,18:30:00,PP
7155,Mon-Fri,16:00:00,18:30:00,2P
7155,Sat,07:30:00,18:30:00,2P
7163,Mon-Sat,07:30:00,18:30:00,2P
7170,Mon-Sat,07:30:00,18:30:00,2P
7180,Mon-Sat,07:30:00,18:30:00,4P
7182,Mon-Sat,07:30:00,18:30:00,2P
7190,Sat-Sun,07:00:00,22:00:00,MP2P
7205,Mon-Sat,07:30:00,18:30:00,2P
7206,Mon-Fri,16:00:00,20:30:00,MP2P
7207,Mon-Sat,07:30:00,18:30:00,2P
7210,Mon-Fri,07:30:00,09:30:00,SP
7210,Mon-Fri,15:00:00,16:30:00,SP
7221,Mon-Sat,07:30:00,18:30:00,4P
7222,Mon-Fri,09:30:00,16:00:00,2P
7225,Mon-Fri,09:30:00,16:00:00,MP2P
7228,Mon-Fri,09:30:00,16:00:00,2P
7230,Mon-Sat,07:30:00,18:30:00,2P
7234,Mon-Fri,07:30:00,16:00:00,1P
7258,Mon-Fri,07:30:00,18:30:00,2P
7265,Mon-Fri,07:30:00,18:30:00,2P
7278,Mon-Sat,07:30:00,18:30:00,1P
7274,Mon-Fri,19:00:00,22:00:00,MP2P
7280,Mon-Sat,07:30:00,18:30:00,2P
7275,Mon-Fri,19:00:00,22:00:00,MP2P
7275,Sat-Sun,07:00:00,22:00:00,MP2P
7300,Mon-Sat,07:30:00,18:30:00,PP
7304,Sat,07:30:00,12:30:00,4P
7305,Mon-Sat,07:30:00,18:30:00,4P
7329,Sat-Sun,07:00:00,22:00:00,MP2P
7331,Mon-Fri,07:00:00,19:00:00,MP2P
7335,Mon-Fri,07:00:00,16:00:00,LZ30
7339,Mon-Fri,07:00:00,16:00:00,LZ30
7340,Mon-Fri,16:00:00,19:00:00,MP2P
7340,Mon-Fri,19:00:00,22:00:00,MP2P
7344,Mon-Fri,07:00:00,16:00:00,LZ30
7344,Mon-Fri,19:00:00,22:00:00,MP2P
7345,Mon-Fri,07:00:00,16:00:00,LZ30
7355,Mon-Fri,07:00:00,19:00:00,MP2P
7360,Mon-Fri,07:00:00,19:00:00,MP2P
7362,Mon-Fri,07:00:00,16:00:00,LZ30
7363,Sat-Sun,07:00:00,22:00:00,MP2P
7365,Sat-Sun,07:00:00,22:00:00,MP2P
7366,Mon-Fri,07:00:00,16:00:00,LZ30
7366,Sat-Sun,07:00:00,22:00:00,MP2P
7369,Mon-Fri,19:00:00,22:00:00,MP4P
7377,Mon-Fri,07:00:00,19:00:00,MP2P
7377,Mon-Fri,19:00:00,22:00:00,MP2P
7379,Sat-Sun,07:00:00,22:00:00,MP2P
7383,Mon-Fri,19:00:00,22:00:00,MP2P
7384,Mon-Fri,19:00:00,22:00:00,MP2P
7391,Mon-Sat,18:30:00,20:30:00,MP2P
7400,Sat-Sun,07:00:00,22:00:00,MP2P
7401,Mon-Fri,10:00:00,16:00:00,MP2P
7402,Sat-Sun,07:00:00,22:00:00,MP2P
7408,Mon-Fri,07:00:00,19:00:00,MP2P
7413,Mon-Fri,16:00:00,20:30:00,MP2P
7415,Mon-Fri,07:00:00,19:00:00,MP2P
7416,Mon-Fri,16:00:00,19:00:00,MP2P
7418,Sat-Sun,07:00:00,22:00:00,MP2P
7425,Mon-Fri,07:00:00,16:00:00,LZ30
7433,Mon-Fri,19:00:00,22:00:00,MP2P
7434,Mon-Fri,07:00:00,19:00:00,MP2P
7437,Mon-Fri,19:00:00,22:00:00,MP2P
7441,Sat-Sun,07:00:00,22:00:00,MP2P
7443,Mon-Sun,07:30:00,23:00:00,HP
7446,Mon-Fri,16:00:00,19:00:00,MP2P
7452,Sat-Sun,07:00:00,22:00:00,MP2P
7458,Sat-Sun,07:00:00,22:00:00,MP2P
7459,Sat-Sun,07:00:00,22:00:00,MP2P
7461,Mon-Fri,16:00:00,19:00:00,MP2P
7474,Mon-Fri,10:00:00,16:00:00,MP2P
7479,Sat-Sun,07:00:00,22:00:00,MP2P
7487,Mon-Fri,10:00:00,16:00:00,MP2P
7491,Mon-Fri,19:00:00,22:00:00,MP2P
7491,Sat-Sun,07:00:00,22:00:00,MP2P
7498,Mon-Fri,19:00:00,22:00:00,MP2P
7499,Sat-Sun,07:00:00,22:00:00,MP2P
7503,Mon-Fri,19:00:00,22:00:00,MP2P
7506,Mon-Fri,19:00:00,22:00:00,MP2P
7507,Mon-Fri,16:00:00,19:00:00,MP2P
7507,Mon-Fri,19:00:00,22:00:00,MP2P
7510,Mon-Fri,07:00:00,16:00:00,LZ30
7512,Mon-Fri,16:00:00,19:00:00,MP2P
7517,Mon-Fri,07:00:00,19:00:00,MP2P
7518,Mon-Fri,19:00:00,22:00:00,MP2P
7521,Mon-Fri,16:00:00,19:00:00,MP2P
7521,Mon-Fri,19:00:00,22:00:00,MP2P
7523,Sat,07:30:00,20:30:00,MP2P
7525,Mon-Fri,07:00:00,16:00:00,LZ30
7525,Mon-Fri,16:00:00,19:00:00,MP2P
7529,Mon-Fri,19:00:00,22:00:00,MP2P
7532,Sat-Sun,07:00:00,22:00:00,MP2P
7538,Mon-Fri,07:00:00,19:00:00,MP2P
7536,Sat-Sun,07:00:00,22:00:00,MP2P
7545,Mon-Fri,07:00:00,16:00:00,LZ30
7547,Mon-Fri,07:00:00,19:00:00,MP2P
7545,Mon-Fri,07:00:00,19:00:00,MP2P
7545,Mon-Fri,19:00:00,22:00:00,MP2P
7548,Mon-Fri,07:00:00,19:00:00,MP2P
7550,Mon-Fri,07:00:00,16:00:00,LZ30
7553,Mon-Fri,19:00:00,22:00:00,MP2P
7566,Mon-Fri,19:00:00,22:00:00,MP2P
7564,Mon-Fri,19:00:00,22:00:00,MP2P
7565,Sat-Sun,07:00:00,22:00:00,MP2P
7567,Mon-Fri,16:00:00,19:00:00,MP2P
7577,Sat-Sun,07:00:00,22:00:00,MP2P
7579,Mon-Fri,16:00:00,19:00:00,MP2P
7595,Mon-Fri,19:00:00,22:00:00,MP2P
7602,Mon-Fri,19:00:00,22:00:00,MP2P
7605,Mon-Fri,07:00:00,19:00:00,MP2P
7606,Mon-Fri,16:00:00,19:00:00,MP2P
7612,Mon-Fri,19:00:00,22:00:00,MP2P
7621,Sat-Sun,07:00:00,22:00:00,MP2P
7617,Sun,07:30:00,18:30:00,FP1P
7625,Mon-Fri,07:00:00,19:00:00,MP2P
7628,Mon-Fri,07:00:00,16:00:00,LZ30
7631,Mon-Fri,16:00:00,19:00:00,MP2P
7638,Sat-Sun,07:00:00,22:00:00,MP2P
7640,Mon-Fri,07:00:00,16:00:00,LZ30
7640,Mon-Fri,16:00:00,19:00:00,MP2P
7644,Mon-Fri,07:00:00,19:00:00,MP2P
7647,Mon-Fri,07:00:00,19:00:00,MP2P
7652,Mon-Fri,19:00:00,22:00:00,MP4P
7653,Mon-Fri,07:30:00,16:30:00,2P
7659,Mon-Fri,19:00:00,22:00:00,MP2P
7669,Sat,07:30:00,12:30:00,2P
7674,Mon-Fri,07:00:00,19:00:00,MP2P
7677,Mon-Fri,07:00:00,19:00:00,MP2P
7695,Sat-Sun,07:00:00,22:00:00,MP2P
7699,Mon-Fri,19:00:00,22:00:00,MP2P
7701,Mon-Fri,19:00:00,22:00:00,MP2P
7705,Mon-Fri,07:00:00,19:00:00,MP2P
7711,Mon-Sat,07:30:00,23:00:00,1P
7728,Mon-Fri,07:30:00,18:30:00,2P
7730,Mon-Fri,07:30:00,18:30:00,4P
7739,Mon-Fri,07:30:00,18:30:00,1P
7762,Sat-Sun,07:00:00,22:00:00,MP2P
7770,Mon-Fri,16:00:00,19:00:00,MP2P
7773,Mon-Fri,19:00:00,22:00:00,MP2P
7773,Sat-Sun,07:00:00,22:00:00,MP2P
7781,Mon-Fri,07:30:00,18:30:00,PP
7786,Sat,07:30:00,12:30:00,3P
7791,Mon-Fri,07:00:00,16:00:00,LZ30
7792,Mon-Fri,07:00:00,16:00:00,LZ30
7809,Sat,07:30:00,12:30:00,PP
7813,Mon-Fri,19:00:00,22:00:00,MP3P
7814,Mon-Fri,16:00:00,19:00:00,MP3P
7820,Mon-Fri,07:00:00,19:00:00,MP2P
7822,Mon-Fri,10:00:00,15:30:00,MP2P
7824,Mon-Fri,10:00:00,15:30:00,MP2P
7830,Mon-Fri,10:00:00,16:00:00,MP3P
7832,Mon-Fri,07:00:00,16:00:00,LZ30
7838,Mon-Fri,07:00:00,19:00:00,MP2P
7849,Mon-Fri,07:00:00,16:00:00,LZ30
7849,Mon-Fri,16:00:00,19:00:00,MP3P
7867,Sat-Sun,07:00:00,22:00:00,MP3P
7868,Sat-Sun,07:00:00,22:00:00,MP2P
7875,Mon-Fri,19:00:00,22:00:00,MP2P
7878,Mon-Fri,07:00:00,19:00:00,MP3P
7875,Sat-Sun,07:00:00,22:00:00,MP2P
7890,Mon-Fri,07:00:00,19:00:00,MP3P
7884,Mon-Fri,19:00:00,22:00:00,MP3P
7891,Mon-Fri,07:00:00,16:00:00,LZ30
7908,Mon-Fri,19:00:00,22:00:00,MP3P
7918,Mon-Fri,07:00:00,19:00:00,MP2P
7921,Mon-Fri,07:00:00,19:00:00,MP2P
7935,Mon-Fri,07:30:00,18:30:00,4P
7943,Mon-Fri,19:00:00,22:00:00,MP2P
7947,Mon-Fri,19:00:00,22:00:00,MP2P
7948,Mon-Fri,16:00:00,19:00:00,MP2P
7949,Mon-Fri,19:00:00,22:00:00,MP2P
7957,Sat-Sun,07:00:00,22:00:00,MP3P
7959,Mon-Fri,16:00:00,19:00:00,MP3P
7963,Mon-Fri,07:30:00,18:30:00,4P
7965,Sat,07:30:00,12:30:00,4P
7967,Mon-Fri,19:00:00,22:00:00,MP2P
7968,Sat-Sun,07:00:00,22:00:00,MP2P
7969,Mon-Fri,16:00:00,19:00:00,MP2P
7969,Sat-Sun,07:00:00,22:00:00,MP2P
7970,Mon-Fri,16:00:00,19:00:00,MP2P
7976,Mon-Fri,07:00:00,19:00:00,MP3P
7981,Mon-Fri,07:30:00,18:30:00,2P
7980,Mon-Fri,19:00:00,22:00:00,MP3P
7980,Sat-Sun,07:00:00,22:00:00,MP3P
7986,Mon-Fri,07:30:00,18:30:00,2P
7990,Sat-Sun,07:00:00,22:00:00,MP2P
7997,Sat-Sun,07:00:00,22:00:00,MP3P
7998,Mon-Fri,07:00:00,16:00:00,LZ30
7998,Mon-Fri,19:00:00,22:00:00,MP3P
7002,Sat,07:30:00,12:30:00,4P
7028,Mon-Fri,07:30:00,18:30:00,1P
7041,Mon-Fri,07:30:00,18:30:00,2P
7041,Sat,07:30:00,12:30:00,2P
7030,Mon-Fri,07:30:00,18:30:00,1P
7141,Mon-Fri,19:00:00,22:00:00,MP2P
7145,Mon-Fri,07:30:00,18:30:00,PP
7178,Mon-Sat,07:30:00,18:30:00,2P
7188,Mon-Sat,07:30:00,18:30:00,2P
7189,Mon-Fri,07:00:00,19:00:00,MP2P
7240,Mon-Fri,07:30:00,19:30:00,2P
7244,Mon-Fri,07:30:00,16:00:00,2P
7248,Mon-Fri,07:30:00,18:30:00,2P
7301,Mon-Sat,07:30:00,18:30:00,2P
7302,Mon-Sun,07:30:00,23:00:00,2P
7317,Sat-Sun,07:00:00,22:00:00,MP4P
7318,Mon-Fri,19:00:00,22:00:00,MP4P
7311,Sat-Sun,07:00:00,22:00:00,MP2P
7320,Mon-Fri,07:00:00,19:00:00,MP2P
7320,Mon-Fri,19:00:00,22:00:00,MP2P
7325,Mon-Fri,19:00:00,22:00:00,MP4P
7325,Sat-Sun,07:00:00,22:00:00,MP4P
7334,Mon-Fri,16:00:00,19:00:00,MP2P
7331,Sat-Sun,07:00:00,22:00:00,MP2P
7362,Mon-Fri,07:00:00,19:00:00,MP2P
7369,Mon-Fri,07:00:00,19:00:00,MP4P
7378,Mon-Fri,19:00:00,22:00:00,MP2P
7386,Mon-Sat,07:30:00,19:30:00,1P
7390,Mon-Fri,16:00:00,19:00:00,MP2P
7417,Mon-Fri,19:00:00,22:00:00,MP2P
7418,Mon-Fri,16:00:00,19:00:00,MP2P
7425,Mon-Fri,18:00:00,19:00:00,MP2P
7444,Mon-Fri,16:00:00,19:00:00,MP2P
7448,Sat,07:30:00,18:30:00,MP1P
7449,Mon-Sat,07:30:00,20:30:00,MP2P
7452,Mon-Fri,07:00:00,16:00:00,LZ30
7472,Sat-Sun,07:00:00,22:00:00,MP2P
7482,Sat-Sun,07:00:00,22:00:00,MP2P
7486,Mon-Fri,10:00:00,16:00:00,LZ30
7497,Mon-Fri,19:00:00,22:00:00,MP2P
7498,Sat-Sun,07:00:00,22:00:00,MP2P
7499,Mon-Fri,19:00:00,22:00:00,MP2P
7503,Mon-Fri,16:00:00,19:00:00,MP2P
7508,Sat-Sun,07:00:00,22:00:00,MP2P
7509,Mon-Fri,07:00:00,19:00:00,MP2P
7510,Mon-Fri,16:00:00,19:00:00,MP2P
7527,Mon-Fri,19:00:00,22:00:00,MP2P
7527,Sat-Sun,07:00:00,22:00:00,MP2P
7532,Mon-Fri,07:00:00,19:00:00,MP2P
7542,Mon-Fri,19:00:00,22:00:00,MP2P
7549,Mon-Fri,07:00:00,19:00:00,MP2P
7550,Mon-Sun,07:00:00,22:00:00,DP2P
7560,Mon-Fri,16:00:00,19:00:00,MP2P
7562,Mon-Fri,10:00:00,19:00:00,MP2P
7563,Sat-Sun,07:00:00,22:00:00,MP2P
7565,Mon-Fri,07:00:00,16:00:00,LZ30
7571,Sat-Sun,07:00:00,22:00:00,MP2P
7573,Mon-Fri,10:00:00,16:00:00,LZ30
7573,Mon-Fri,16:00:00,19:00:00,MP2P
7577,Mon-Fri,19:00:00,22:00:00,MP2P
7605,Sat-Sun,07:00:00,22:00:00,MP2P
7606,Mon-Fri,19:00:00,22:00:00,MP2P
7610,Sat-Sun,07:00:00,22:00:00,MP2P
7626,Mon-Fri,16:00:00,19:00:00,MP2P
7630,Mon-Fri,07:00:00,19:00:00,MP2P
7631,Mon-Fri,07:00:00,16:00:00,LZ30
7643,Mon-Fri,09:30:00,16:00:00,MP2P
7643,Sat-Sun,07:00:00,22:00:00,MP2P
7646,Mon-Fri,16:00:00,19:00:00,MP2P
7647,Mon-Fri,07:00:00,16:00:00,LZ30
7677,Sat-Sun,07:00:00,22:00:00,MP2P
7703,Mon-Fri,07:00:00,16:00:00,LZ30
7718,Mon-Fri,07:30:00,15:00:00,2P
7725,Mon-Fri,07:30:00,18:30:00,2P
7761,Sat,07:30:00,12:30:00,4P
7775,Mon-Fri,07:30:00,18:30:00,4P
7778,Mon-Fri,07:30:00,18:30:00,4P
7775,Sat,07:30:00,13:30:00,4P
7780,Mon-Fri,10:00:00,19:00:00,MP2P
7783,Mon-Fri,07:30:00,18:30:00,3P
7809,Mon-Fri,07:30:00,18:30:00,PP
7813,Sat-Sun,07:00:00,22:00:00,MP3P
7811,Mon-Fri,19:00:00,22:00:00,MP2P
7818,Mon-Fri,07:00:00,19:00:00,MP2P
7819,Sat-Sun,07:00:00,22:00:00,MP2P
7834,Mon-Fri,19:00:00,22:00:00,MP3P
7854,Sat-Sun,07:00:00,22:00:00,MP3P
7852,Mon-Fri,07:00:00,19:00:00,MP3P
7858,Mon-Fri,07:00:00,19:00:00,MP3P
7892,Mon-Fri,07:00:00,16:00:00,LZ30
7925,Mon-Fri,09:30:00,16:00:00,4P
7932,Mon-Fri,07:00:00,19:00:00,MP2P
7938,Mon-Fri,07:00:00,19:00:00,MP2P
7933,Sat-Sun,07:00:00,22:00:00,MP2P
7937,Mon-Fri,19:00:00,22:00:00,MP2P
7942,Mon-Fri,19:00:00,22:00:00,MP2P
7968,Mon-Fri,07:00:00,19:00:00,MP2P
7976,Sat-Sun,07:00:00,22:00:00,MP3P
7979,Mon-Fri,19:00:00,22:00:00,MP3P
7983,Mon-Fri,16:00:00,19:00:00,MP3P
7989,Mon-Fri,07:00:00,19:00:00,MP3P
7001,Mon-Fri,07:30:00,18:30:00,2P
7004,Mon-Fri,07:30:00,18:30:00,2P
7008,Sat,07:30:00,12:30:00,1P
7012,Mon-Fri,07:30:00,18:30:00,2P
7018,Sat,07:30:00,12:30:00,2P
7019,Mon-Fri,07:30:00,18:30:00,HP
7031,Mon-Fri,07:30:00,18:30:00,2P
7034,Sat,07:30:00,12:30:00,2P
7043,Sat,07:30:00,12:30:00,4P
7049,Mon-Sun,07:30:00,23:00:00,2P
7057,Sat,07:30:00,12:30:00,4P
7078,Sat,07:30:00,12:30:00,2P
7084,Mon-Fri,07:30:00,18:30:00,2P
7087,Sat,07:30:00,12:30:00,2P
7097,Sat,07:30:00,12:30:00,1P
7102,Mon-Fri,07:30:00,18:30:00,1P
7104,Mon-Fri,07:30:00,18:30:00,1P
7116,Sat,07:30:00,12:30:00,2P
7118,Mon-Fri,16:00:00,18:30:00,2P
7122,Sat,07:30:00,12:30:00,2P
7127,Mon-Fri,18:30:00,19:00:00,MP2P
7129,Sat-Sun,07:00:00,22:00:00,MP2P
7125,Sat-Sun,07:00:00,22:00:00,MP2P
7132,Mon-Fri,18:30:00,19:00:00,MP2P
7138,Mon-Fri,07:30:00,18:30:00,PP
7136,Sat-Sun,07:00:00,22:00:00,MP2P
7139,Mon-Fri,19:00:00,22:00:00,MP2P
7140,Mon-Fri,07:30:00,18:30:00,4P
7140,Sat,07:30:00,13:30:00,4P
7148,Mon-Fri,07:30:00,18:30:00,4P
7154,Sat,07:30:00,12:30:00,PP
7162,Sat-Sun,07:00:00,22:00:00,MP2P
7186,Mon-Sat,07:30:00,18:30:00,2P
7190,Mon-Fri,07:00:00,19:00:00,MP2P
7197,Mon-Sat,07:30:00,18:30:00,2P
7206,Mon-Fri,07:30:00,16:00:00,LZ30
7216,Sat-Sun,07:00:00,22:00:00,MP2P
7218,Mon-Fri,09:00:00,16:00:00,MP2P
7217,Mon-Sat,07:30:00,18:30:00,3P
7223,Mon-Fri,07:00:00,16:00:00,LZ30
7225,Mon-Fri,19:00:00,22:00:00,MP2P
7226,Mon-Fri,15:00:00,16:30:00,SP
7226,Mon-Fri,16:30:00,18:30:00,2P
7226,Sat,07:30:00,18:30:00,2P
7228,Sat,07:30:00,18:30:00,2P
7235,Sat,07:30:00,18:30:00,PP
7239,Sat,07:30:00,12:30:00,2P
7237,Sat,07:30:00,12:30:00,2P
7246,Mon-Fri,07:30:00,18:30:00,1P
7248,Sat,07:30:00,12:30:00,2P
7250,Mon-Fri,07:30:00,18:30:00,2P
7260,Mon-Fri,09:30:00,16:00:00,2P
7263,Mon-Fri,07:30:00,18:30:00,4P
7273,Mon-Fri,07:00:00,19:00:00,MP2P
7299,Mon-Fri,07:30:00,18:30:00,MP4P
7306,Mon-Fri,19:00:00,22:00:00,MP2P
7307,Mon-Fri,19:00:00,22:00:00,MP2P
7318,Mon-Fri,07:00:00,19:00:00,MP4P
7310,Sat-Sun,07:00:00,22:00:00,MP2P
7336,Sat-Sun,07:00:00,22:00:00,MP2P
7343,Mon-Fri,19:00:00,22:00:00,MP2P
7354,Mon-Fri,07:00:00,19:00:00,MP2P
7356,Mon-Fri,19:00:00,22:00:00,MP2P
7350,Sat-Sun,07:00:00,22:00:00,MP2P
7357,Mon-Fri,07:00:00,16:00:00,LZ30
7365,Mon-Fri,07:00:00,16:00:00,LZ30
7366,Mon-Fri,19:00:00,22:00:00,MP2P
7368,Mon-Fri,07:00:00,16:00:00,LZ30
7378,Sat-Sun,07:00:00,22:00:00,MP2P
7368,Sat-Sun,07:00:00,22:00:00,MP2P
7384,Sat-Sun,07:00:00,22:00:00,MP2P
7388,Sat-Sun,07:00:00,22:00:00,MP2P
7390,Mon-Fri,19:00:00,22:00:00,MP2P
7383,Sat-Sun,07:00:00,22:00:00,MP2P
7391,Mon-Sat,07:30:00,18:30:00,MP1P
7394,Mon-Sat,07:30:00,18:30:00,1P
7396,Mon-Fri,16:00:00,19:00:00,MP2P
7398,Sat-Sun,07:00:00,22:00:00,MP2P
7400,Mon-Fri,19:00:00,22:00:00,MP2P
7401,Sat-Sun,07:00:00,22:00:00,MP2P
7404,Sat-Sun,07:00:00,22:00:00,MP2P
7408,Mon-Fri,19:00:00,22:00:00,MP2P
7408,Mon-Fri,07:00:00,16:00:00,LZ30
7411,Mon-Fri,16:00:00,19:00:00,MP2P
7412,Mon-Fri,07:00:00,16:00:00,LZ30
7415,Sat-Sun,07:00:00,22:00:00,MP2P
7445,Sat-Sun,07:00:00,22:00:00,MP2P
7446,Mon-Fri,07:00:00,16:00:00,LZ30
7446,Mon-Fri,19:00:00,22:00:00,MP2P
7448,Sat,18:30:00,20:30:00,MP2P
7449,Sat,18:30:00,20:30:00,MP2P
7455,Mon-Fri,19:00:00,22:00:00,MP2P
7457,Mon-Fri,07:00:00,16:00:00,LZ30
7457,Mon-Fri,19:00:00,22:00:00,MP2P
7461,Mon-Fri,07:00:00,16:00:00,LZ30
7461,Sat-Sun,07:00:00,22:00:00,MP2P
7474,Sat-Sun,07:00:00,22:00:00,MP2P
7472,Mon-Fri,10:00:00,16:00:00,LZ30
7478,Mon-Fri,10:00:00,16:00:00,MP2P
7480,Sat-Sun,07:00:00,22:00:00,MP2P
7485,Mon-Fri,10:00:00,16:00:00,MP2P
7487,Mon-Fri,19:00:00,22:00:00,MP2P
7492,Sat-Sun,07:00:00,22:00:00,MP2P
7498,Mon-Fri,07:00:00,19:00:00,MP2P
7500,Mon-Fri,19:00:00,22:00:00,MP2P
7501,Mon-Fri,19:00:00,22:00:00,MP2P
7502,Mon-Fri,07:00:00,16:00:00,LZ30
7502,Mon-Fri,19:00:00,22:00:00,MP2P
7505,Sat-Sun,07:00:00,22:00:00,MP2P
7506,Sat-Sun,07:00:00,22:00:00,MP2P
7510,Sat-Sun,07:00:00,22:00:00,MP2P
7514,Mon-Fri,07:00:00,16:00:00,LZ30
7515,Mon-Fri,16:00:00,19:00:00,MP2P
7517,Sat-Sun,07:00:00,22:00:00,MP2P
7509,Sat-Sun,07:00:00,22:00:00,MP2P
7525,Mon-Fri,19:00:00,22:00:00,MP2P
7527,Mon-Fri,07:00:00,19:00:00,MP2P
7534,Mon-Fri,07:00:00,16:00:00,LZ30
7533,Sat-Sun,07:00:00,22:00:00,MP2P
7539,Mon-Fri,16:00:00,19:00:00,MP2P
7548,Sat-Sun,07:00:00,22:00:00,MP2P
7551,Mon-Fri,07:00:00,19:00:00,MP2P
7550,Sat-Sun,07:00:00,22:00:00,MP2P
7556,Mon-Fri,19:00:00,22:00:00,MP2P
7554,Sat-Sun,07:00:00,22:00:00,MP2P
7564,Mon-Fri,07:00:00,16:00:00,LZ30
7565,Mon-Fri,16:00:00,19:00:00,MP2P
7569,Mon-Fri,10:00:00,16:00:00,LZ30
7575,Mon-Fri,19:00:00,22:00:00,MP2P
7575,Sat-Sun,07:00:00,22:00:00,MP2P
7576,Mon-Fri,10:00:00,16:00:00,LZ30
7579,Mon-Fri,19:00:00,22:00:00,MP2P
7583,Mon-Fri,07:00:00,16:00:00,LZ30
7583,Mon-Fri,19:00:00,22:00:00,MP2P
7584,Mon-Fri,09:30:00,15:00:00,2P
7592,Mon-Fri,07:00:00,19:00:00,MP2P
7590,Sat-Sun,07:00:00,22:00:00,MP2P
7591,Mon-Fri,07:00:00,16:00:00,LZ30
7591,Mon-Fri,16:00:00,19:00:00,MP2P
7595,Mon-Fri,07:00:00,19:00:00,MP2P
7602,Mon-Fri,07:00:00,16:00:00,LZ30
7602,Mon-Fri,16:00:00,19:00:00,MP2P
7603,Mon-Fri,18:30:00,20:30:00,MP2P
7603,Sat,18:30:00,20:30:00,MP2P
7604,Mon-Fri,07:00:00,19:00:00,MP2P
7608,Mon-Fri,19:00:00,22:00:00,MP2P
7616,Mon-Thu,09:00:00,14:30:00,MP1P
7617,Mon-Sat,18:30:00,20:30:00,MP2P
7618,Mon-Sat,06:00:00,18:30:00,MP1P
7626,Mon-Fri,07:00:00,16:00:00,LZ30
7627,Mon-Fri,07:00:00,19:00:00,MP2P
7628,Sat-Sun,07:00:00,22:00:00,MP2P
7628,Mon-Fri,16:00:00,19:00:00,MP2P
7633,Sat-Sun,07:00:00,22:00:00,MP2P
7635,Sat-Sun,07:00:00,22:00:00,MP2P
7637,Mon-Fri,07:00:00,16:00:00,LZ30
7641,Mon-Fri,19:00:00,22:00:00,MP2P
7642,Sat-Sun,07:00:00,22:00:00,MP2P
7644,Sat-Sun,07:00:00,22:00:00,MP2P
7645,Sat-Sun,07:00:00,22:00:00,MP2P
7646,Mon-Fri,19:00:00,22:00:00,MP2P
7646,Sat-Sun,07:00:00,22:00:00,MP2P
7648,Mon-Fri,19:00:00,22:00:00,MP2P
7648,Sat-Sun,07:00:00,22:00:00,MP2P
7659,Sat-Sun,07:00:00,22:00:00,MP2P
7660,Mon-Fri,07:00:00,16:00:00,LZ30
7662,Mon-Fri,07:30:00,18:30:00,3P
7665,Sat,07:30:00,12:30:00,2P
7672,Mon-Fri,07:00:00,16:00:00,LZ30
7674,Sat-Sun,07:00:00,22:00:00,MP2P
7696,Mon-Fri,19:00:00,22:00:00,MP2P
7699,Mon-Fri,16:00:00,19:00:00,MP2P
7702,Mon-Fri,07:00:00,19:00:00,MP2P
7702,Mon-Fri,19:00:00,22:00:00,MP2P
7701,Sat-Sun,07:00:00,22:00:00,MP2P
7713,Mon-Sat,07:30:00,23:00:00,1P
7707,Sat,07:30:00,12:30:00,2P
7726,Mon-Fri,07:30:00,18:30:00,2P
7731,Sat,07:30:00,12:30:00,4P
7748,Sat,07:30:00,12:30:00,2P
7754,Mon-Fri,19:00:00,22:00:00,MP3P
7751,Sat,07:30:00,18:30:00,4P
7760,Mon-Fri,07:00:00,16:00:00,LZ30
7762,Mon-Fri,19:00:00,22:00:00,MP2P
7763,Sat-Sun,07:00:00,22:00:00,MP2P
7764,Mon-Fri,07:00:00,16:00:00,MP2P
7765,Mon-Fri,07:00:00,16:00:00,LZ30
7768,Mon-Fri,19:00:00,22:00:00,MP2P
7774,Mon-Fri,07:00:00,16:00:00,MP2P
7779,Mon-Fri,10:00:00,19:00:00,MP2P
7789,Mon-Fri,07:30:00,18:30:00,PP
7792,Mon-Fri,16:00:00,19:00:00,MP2P
7802,Mon-Fri,07:30:00,18:30:00,4P
7810,Sat-Sun,07:00:00,22:00:00,MP2P
7811,Mon-Fri,16:00:00,19:00:00,MP2P
7816,Mon-Fri,19:00:00,22:00:00,MP2P
7822,Sat-Sun,07:00:00,22:00:00,MP2P
7823,Mon-Fri,07:00:00,19:00:00,MP2P
7825,Sat-Sun,07:00:00,22:00:00,MP2P
7828,Mon-Fri,07:00:00,19:00:00,MP3P
7832,Mon-Fri,19:00:00,22:00:00,MP3P
7843,Sat-Sun,07:00:00,22:00:00,MP3P
7851,Sat-Sun,07:00:00,22:00:00,MP3P
7855,Mon-Fri,19:00:00,22:00:00,MP2P
7861,Mon-Fri,07:00:00,19:00:00,MP3P
7867,Mon-Fri,19:00:00,22:00:00,MP3P
7865,Mon-Fri,19:00:00,22:00:00,MP2P
7869,Mon-Fri,19:00:00,22:00:00,MP3P
7873,Mon-Fri,07:00:00,19:00:00,MP2P
7874,Mon-Fri,16:00:00,19:00:00,MP2P
7878,Mon-Fri,19:00:00,22:00:00,MP3P
7878,Sat-Sun,07:00:00,22:00:00,MP3P
7884,Sat-Sun,07:00:00,22:00:00,MP3P
7892,Sat-Sun,07:00:00,22:00:00,MP3P
7900,Sat-Sun,07:00:00,22:00:00,MP3P
7903,Mon-Fri,19:00:00,22:00:00,MP3P
7899,Mon-Fri,16:00:00,19:00:00,MP3P
7899,Sat-Sun,07:00:00,22:00:00,MP3P
7907,Mon-Fri,16:00:00,19:00:00,MP3P
7909,Mon-Fri,07:30:00,18:30:00,4P
7916,Mon-Fri,09:30:00,18:30:00,4P
7927,Sat-Sun,07:00:00,22:00:00,MP2P
7929,Mon-Fri,07:00:00,16:00:00,LZ30
7938,Sat-Sun,07:00:00,22:00:00,MP2P
7947,Sat-Sun,07:00:00,22:00:00,MP2P
7951,Mon-Fri,16:00:00,19:00:00,MP2P
7953,Mon-Fri,07:00:00,16:00:00,LZ30
7959,Mon-Fri,07:00:00,16:00:00,LZ30
7960,Mon-Fri,07:00:00,16:00:00,LZ30
7960,Mon-Fri,19:00:00,22:00:00,MP3P
7962,Mon-Fri,07:30:00,18:30:00,4P
7969,Mon-Fri,07:00:00,16:00:00,LZ30
7976,Mon-Fri,19:00:00,22:00:00,MP3P
7978,Sat-Sun,07:00:00,22:00:00,MP3P
7984,Mon-Fri,19:00:00,22:00:00,MP3P
7994,Sat-Sun,07:00:00,22:00:00,MP3P
7004,Sat,07:30:00,12:30:00,2P
7003,Sat,07:30:00,12:30:00,2P
7044,Mon-Fri,10:00:00,18:30:00,4P
7044,Sat,07:30:00,13:30:00,4P
7048,Sat,07:30:00,12:30:00,2P
7057,Mon-Fri,07:30:00,18:30:00,4P
7061,Sat,07:30:00,12:30:00,2P
7050,Sat,07:30:00,12:30:00,1P
7076,Sat,07:30:00,12:30:00,2P
7074,Sat,07:30:00,12:30:00,4P
7102,Sat,07:30:00,12:30:00,1P
7107,Mon-Fri,07:30:00,18:30:00,1P
7103,Sat,07:30:00,12:30:00,2P
7105,Mon-Sat,07:30:00,18:30:00,2P
7111,Mon-Fri,07:30:00,09:30:00,SP
7111,Mon-Fri,09:30:00,15:00:00,2P
7111,Mon-Fri,15:00:00,16:00:00,SP
7112,Sat,07:30:00,12:30:00,2P
7121,Sat,07:30:00,12:30:00,2P
7125,Mon-Fri,18:30:00,19:00:00,MP2P
7130,Mon-Fri,19:00:00,22:00:00,MP2P
7132,Mon-Fri,09:30:00,16:30:00,MP2P
7136,Mon-Fri,19:00:00,22:00:00,MP2P
7139,Mon-Fri,18:30:00,19:00:00,MP2P
7162,Mon-Fri,18:30:00,19:00:00,MP2P
7172,Sat,07:30:00,18:30:00,2P
7183,Mon-Sat,07:30:00,18:30:00,2P
7210,Mon-Fri,09:30:00,15:00:00,2P
7219,Mon-Fri,19:00:00,22:00:00,MP2P
7223,Sat-Sun,07:00:00,22:00:00,MP2P
7226,Mon-Fri,07:30:00,09:30:00,SP
7226,Mon-Fri,09:30:00,15:00:00,2P
7228,Mon-Fri,07:30:00,09:30:00,QP
7235,Mon-Fri,09:30:00,18:30:00,PP
7236,Mon-Fri,09:30:00,18:30:00,1P
7241,Mon-Fri,07:30:00,16:00:00,1P
7245,Sat,07:30:00,12:30:00,2P
7253,Sat,07:30:00,12:30:00,2P
7254,Mon-Sat,07:30:00,18:30:00,2P
7259,Mon-Sat,07:30:00,18:30:00,2P
7265,Sat,07:30:00,12:30:00,2P
7274,Mon-Fri,09:00:00,16:00:00,LZ30
7290,Mon-Fri,07:30:00,18:30:00,2P
7298,Mon-Fri,07:30:00,18:30:00,2P
7298,Sat,07:30:00,12:30:00,2P
7307,Mon-Fri,07:00:00,16:00:00,LZ30
7311,Mon-Fri,07:00:00,16:00:00,LZ30
7322,Mon-Fri,19:00:00,22:00:00,MP4P
7327,Mon-Fri,19:00:00,22:00:00,MP4P
7327,Sat-Sun,07:00:00,22:00:00,MP4P
7333,Mon-Fri,07:00:00,16:00:00,LZ30
7334,Sat-Sun,07:00:00,22:00:00,MP2P
7335,Mon-Fri,16:00:00,19:00:00,MP2P
7340,Mon-Fri,07:00:00,16:00:00,LZ30
7340,Sat-Sun,07:00:00,22:00:00,MP2P
7343,Mon-Fri,07:00:00,16:00:00,LZ30
7349,Mon-Fri,16:00:00,19:00:00,MP2P
7351,Mon-Fri,07:00:00,19:00:00,MP2P
7354,Sat-Sun,07:00:00,22:00:00,MP2P
7355,Mon-Fri,19:00:00,22:00:00,MP2P
7366,Mon-Fri,16:00:00,19:00:00,MP2P
7380,Mon-Fri,07:00:00,19:00:00,MP2P
7398,Mon-Fri,19:00:00,22:00:00,MP2P
7396,Sat-Sun,07:00:00,22:00:00,MP2P
7399,Mon-Fri,19:00:00,22:00:00,MP2P
7404,Mon-Fri,07:00:00,16:00:00,LZ30
7411,Mon-Fri,19:00:00,22:00:00,MP2P
7413,Mon-Fri,19:00:00,22:00:00,MP2P
7413,Sun,07:30:00,18:30:00,FP2P
7418,Mon-Fri,19:00:00,22:00:00,MP2P
7423,Mon-Fri,16:00:00,19:00:00,MP2P
7423,Mon-Fri,19:00:00,22:00:00,MP2P
7434,Mon-Fri,19:00:00,22:00:00,MP2P
7436,Sat-Sun,07:00:00,22:00:00,MP2P
7438,Mon-Fri,07:00:00,19:00:00,MP2P
7441,Mon-Fri,07:00:00,19:00:00,MP2P
7445,Mon-Fri,16:00:00,19:00:00,MP2P
7449,Mon-Fri,19:00:00,20:30:00,MP2P
7452,Mon-Fri,16:00:00,19:00:00,MP2P
7461,Mon-Fri,19:00:00,22:00:00,MP2P
7466,Mon-Fri,07:00:00,19:00:00,MP4P
7466,Mon-Fri,19:00:00,22:00:00,MP4P
7474,Mon-Fri,19:00:00,22:00:00,MP2P
7476,Mon-Fri,10:00:00,16:00:00,LZ30
7476,Mon-Fri,19:00:00,22:00:00,MP2P
7479,Mon-Fri,10:00:00,16:00:00,MP2P
7481,Mon-Fri,10:00:00,16:00:00,MP2P
7488,Mon-Fri,19:00:00,22:00:00,MP2P
7492,Mon-Fri,07:00:00,19:00:00,MP2P
7493,Mon-Fri,16:00:00,19:00:00,MP2P
7497,Mon-Fri,07:00:00,16:00:00,LZ30
7508,Mon-Fri,19:00:00,22:00:00,MP2P
7512,Mon-Fri,19:00:00,22:00:00,MP2P
7515,Mon-Fri,19:00:00,22:00:00,MP2P
7515,Sat-Sun,07:00:00,22:00:00,MP2P
7520,Mon-Fri,07:30:00,18:30:00,1P
7521,Sat-Sun,07:00:00,22:00:00,MP2P
7522,Mon-Fri,16:00:00,19:00:00,MP2P
7528,Mon-Fri,19:00:00,22:00:00,MP2P
7528,Sat-Sun,07:00:00,22:00:00,MP2P
7529,Mon-Fri,07:00:00,16:00:00,LZ30
7533,Mon-Fri,19:00:00,22:00:00,MP2P
7538,Mon-Fri,19:00:00,22:00:00,MP2P
7541,Mon-Fri,16:00:00,19:00:00,MP2P
7548,Mon-Fri,09:00:00,16:00:00,MP2P
7550,Mon-Fri,19:00:00,22:00:00,MP2P
7553,Sat-Sun,07:00:00,22:00:00,MP2P
7558,Mon-Fri,16:00:00,19:00:00,MP2P
7561,Sat-Sun,07:00:00,22:00:00,MP2P
7567,Mon-Fri,10:00:00,16:00:00,LZ30
7568,Mon-Fri,10:00:00,19:00:00,MP2P
7570,Mon-Fri,07:00:00,19:00:00,MP2P
7570,Mon-Fri,19:00:00,22:00:00,MP2P
7572,Mon-Fri,16:00:00,19:00:00,MP2P
7575,Mon-Fri,07:00:00,16:00:00,LZ30
7589,Mon-Fri,07:30:00,18:30:00,2P
7592,Sat-Sun,07:00:00,22:00:00,MP2P
7593,Mon-Fri,19:00:00,22:00:00,MP2P
7594,Mon-Fri,07:00:00,19:00:00,MP2P
7601,Mon-Fri,07:00:00,19:00:00,MP2P
7601,Mon-Fri,19:00:00,22:00:00,MP2P
7602,Sat-Sun,07:00:00,22:00:00,MP2P
7608,Mon-Fri,07:00:00,16:00:00,LZ30
7611,Mon-Fri,16:00:00,19:00:00,MP2P
7614,Mon-Fri,19:00:00,22:00:00,MP2P
7616,Fri,09:00:00,18:00:00,MP1P
7631,Sat-Sun,07:00:00,22:00:00,MP2P
7633,Mon-Fri,07:00:00,16:00:00,LZ30
7634,Sat-Sun,07:00:00,22:00:00,MP2P
7635,Mon-Fri,19:00:00,22:00:00,MP2P
7637,Mon-Fri,16:00:00,19:00:00,MP2P
7638,Mon-Fri,19:00:00,22:00:00,MP2P
7639,Sat-Sun,07:00:00,22:00:00,MP2P
7644,Mon-Fri,19:00:00,22:00:00,MP2P
7652,Sat-Sun,07:00:00,22:00:00,MP4P
7668,Mon-Fri,07:30:00,18:30:00,1P
7660,Sat-Sun,07:00:00,22:00:00,MP2P
7670,Mon-Fri,07:30:00,18:30:00,2P
7672,Mon-Fri,16:00:00,19:00:00,MP2P
7672,Mon-Fri,19:00:00,22:00:00,MP2P
7673,Mon-Fri,16:00:00,19:00:00,MP2P
7677,Mon-Fri,19:00:00,22:00:00,MP2P
7686,Mon-Fri,18:00:00,19:00:00,MP2P
7686,Mon-Fri,19:00:00,22:00:00,MP2P
7690,Mon-Fri,19:00:00,22:00:00,MP2P
7695,Mon-Fri,16:00:00,19:00:00,MP2P
7703,Mon-Fri,19:00:00,22:00:00,MP2P
7703,Sat-Sun,07:00:00,22:00:00,MP2P
7706,Mon-Fri,07:00:00,16:00:00,LZ30
7706,Sat-Sun,07:00:00,22:00:00,MP2P
7714,Sat,07:30:00,12:30:00,4P
7721,Mon-Sat,07:30:00,23:00:00,1P
7718,Sat,07:30:00,18:30:00,2P
7723,Sat,07:30:00,12:30:00,PP
7729,Mon-Sat,07:30:00,18:30:00,PP
7740,Mon-Fri,07:30:00,18:30:00,2P
7746,Mon-Fri,07:30:00,18:30:00,4P
7747,Sat,07:30:00,18:30:00,4P
7755,Mon-Fri,07:00:00,16:00:00,LZ30
7757,Sat,07:30:00,12:30:00,2P
7769,Mon-Fri,19:00:00,22:00:00,MP2P
7770,Mon-Fri,10:00:00,16:00:00,LZ30
7770,Sat-Sun,07:00:00,22:00:00,MP2P
7780,Sat-Sun,07:00:00,22:00:00,MP2P
7804,Mon-Fri,07:30:00,18:30:00,PP
7800,Mon-Fri,07:30:00,18:30:00,1P
7800,Sat,07:30:00,12:30:00,1P
7792,Sat-Sun,07:00:00,22:00:00,MP2P
7814,Mon-Fri,19:00:00,22:00:00,MP3P
7828,Sat-Sun,07:00:00,22:00:00,MP3P
7827,Sat-Sun,07:00:00,22:00:00,MP4P
7834,Sat-Sun,07:00:00,22:00:00,MP3P
7836,Sat-Sun,07:00:00,22:00:00,MP3P
7837,Sat-Sun,07:00:00,22:00:00,MP3P
7843,Mon-Fri,19:00:00,22:00:00,MP3P
7845,Mon-Fri,07:00:00,19:00:00,MP3P
7848,Mon-Fri,07:00:00,19:00:00,MP3P
7850,Mon-Fri,07:00:00,19:00:00,MP2P
7855,Sat-Sun,07:00:00,22:00:00,MP2P
7856,Mon-Fri,19:00:00,22:00:00,MP2P
7860,Mon-Fri,07:00:00,19:00:00,MP3P
7860,Sat-Sun,07:00:00,22:00:00,MP3P
7863,Mon-Fri,19:00:00,22:00:00,MP3P
7865,Mon-Fri,07:00:00,16:00:00,LZ30
7866,Sat-Sun,07:00:00,22:00:00,MP2P
7868,Mon-Fri,16:00:00,19:00:00,MP2P
7869,Mon-Fri,07:00:00,19:00:00,MP3P
7872,Mon-Fri,07:00:00,19:00:00,MP2P
7885,Mon-Fri,07:00:00,19:00:00,MP3P
7887,Mon-Fri,19:00:00,22:00:00,MP3P
7892,Mon-Fri,16:00:00,19:00:00,MP3P
7892,Mon-Fri,19:00:00,22:00:00,MP3P
7900,Mon-Fri,19:00:00,22:00:00,MP3P
7903,Mon-Fri,07:00:00,19:00:00,MP3P
7901,Mon-Fri,19:00:00,22:00:00,MP2P
7915,Sat-Sun,07:00:00,22:00:00,MP2P
7923,Sat,07:30:00,12:30:00,2P
7939,Mon-Fri,19:00:00,22:00:00,MP2P
7944,Mon-Fri,19:00:00,22:00:00,MP2P
7944,Sat-Sun,07:00:00,22:00:00,MP2P
7972,Mon-Fri,07:00:00,19:00:00,MP2P
7977,Sat,07:30:00,12:30:00,4P
7972,Sat-Sun,07:00:00,22:00:00,MP2P
7978,Mon-Fri,07:00:00,19:00:00,MP3P
7983,Mon-Fri,19:00:00,22:00:00,MP3P
7984,Sat-Sun,07:00:00,22:00:00,MP3P
7987,Mon-Sat,07:30:00,18:30:00,4P
7994,Mon-Fri,19:00:00,22:00:00,MP3P
7995,Mon-Fri,07:30:00,18:30:00,2P
7997,Mon-Fri,16:00:00,19:00:00,MP3P
7998,Sat-Sun,07:00:00,22:00:00,MP3P
7014,Mon-Fri,07:30:00,18:30:00,1P
7018,Mon-Fri,07:30:00,18:30:00,2P
7020,Mon-Fri,07:30:00,18:30:00,1P
7048,Mon-Fri,07:30:00,18:30:00,2P
7085,Mon-Fri,07:30:00,18:30:00,2P
7113,Mon-Fri,07:30:00,16:00:00,2P
7114,Sat,07:30:00,12:30:00,4P
7129,Mon-Fri,18:30:00,19:00:00,MP2P
7143,Mon-Fri,07:30:00,18:30:00,PP
7158,Mon-Sat,07:30:00,18:30:00,3P
7189,Mon-Fri,19:00:00,22:00:00,MP2P
7233,Mon-Sat,07:30:00,18:30:00,3P
7243,Mon-Fri,07:30:00,18:30:00,1P
7247,Mon-Sat,07:30:00,18:30:00,2P
7250,Sat,07:30:00,12:30:00,2P
7256,Sat,07:30:00,12:30:00,4P
7258,Sat,07:30:00,12:30:00,2P
7252,Mon-Fri,07:30:00,18:30:00,2P
7266,Mon-Fri,07:30:00,18:30:00,2P
7266,Sat,07:30:00,12:30:00,2P
7273,Mon-Fri,19:00:00,22:00:00,MP2P
7299,Sat,07:30:00,12:30:00,MP4P
7290,Sat,07:30:00,12:30:00,2P
7308,Mon-Fri,16:00:00,19:00:00,MP2P
7311,Mon-Fri,19:00:00,22:00:00,MP2P
7325,Mon-Fri,07:00:00,19:00:00,MP4P
7333,Mon-Fri,16:00:00,19:00:00,MP2P
7343,Mon-Fri,07:00:00,19:00:00,MP2P
7349,Mon-Fri,07:00:00,16:00:00,LZ30
7358,Mon-Fri,19:00:00,22:00:00,MP2P
7363,Mon-Fri,16:00:00,19:00:00,MP2P
7369,Sat-Sun,07:00:00,22:00:00,MP4P
7367,Sat,07:30:00,18:30:00,2P
7375,Mon-Fri,07:30:00,18:30:00,4P
7379,Mon-Fri,07:00:00,19:00:00,MP2P
7379,Mon-Fri,19:00:00,22:00:00,MP2P
7389,Mon-Fri,07:00:00,16:00:00,LZ30
7389,Sat-Sun,07:00:00,22:00:00,MP2P
7396,Mon-Fri,07:00:00,16:00:00,LZ30
7399,Sat-Sun,07:00:00,22:00:00,MP2P
7401,Mon-Fri,19:00:00,22:00:00,MP2P
7411,Sat-Sun,07:00:00,22:00:00,MP2P
7413,Sat,07:30:00,20:30:00,MP2P
7413,Sat-Sun,07:00:00,22:00:00,MP2P
7416,Mon-Fri,19:00:00,22:00:00,MP2P
7428,Mon-Fri,19:00:00,22:00:00,MP2P
7441,Mon-Fri,19:00:00,22:00:00,MP2P
7445,Mon-Fri,07:00:00,16:00:00,LZ30
7448,Mon-Sat,07:30:00,18:30:00,MP1P
7448,Sun,07:30:00,18:30:00,FP2P
7449,Sun,07:30:00,18:30:00,FP2P
7476,Sat-Sun,07:00:00,22:00:00,MP2P
7502,Sat-Sun,07:00:00,22:00:00,MP2P
7503,Mon-Fri,07:00:00,16:00:00,LZ30
7507,Sat-Sun,07:00:00,22:00:00,MP2P
7508,Mon-Fri,16:00:00,19:00:00,MP2P
7630,Mon-Fri,19:00:00,22:00:00,MP2P
7634,Mon-Fri,07:00:00,19:00:00,MP2P
7640,Mon-Fri,19:00:00,22:00:00,MP2P
7642,Mon-Fri,07:00:00,19:00:00,MP2P
7651,Mon-Fri,19:00:00,22:00:00,MP4P
7659,Mon-Fri,07:00:00,19:00:00,MP2P
7663,Sat-Sun,07:00:00,22:00:00,MP4P
7673,Mon-Fri,19:00:00,22:00:00,MP2P
7674,Mon-Fri,16:00:00,19:00:00,MP2P
7692,Mon-Fri,07:00:00,19:00:00,MP2P
7693,Mon-Fri,19:00:00,22:00:00,MP2P
7692,Mon-Fri,19:00:00,22:00:00,MP2P
7697,Mon-Fri,07:00:00,16:00:00,LZ30
7699,Mon-Fri,07:00:00,16:00:00,LZ30
7705,Sat-Sun,07:00:00,22:00:00,MP2P
7706,Mon-Fri,16:00:00,19:00:00,MP2P
7708,Mon-Fri,07:30:00,18:30:00,2P
7717,Sat,07:30:00,12:30:00,4P
7720,Mon-Fri,07:30:00,18:30:00,2P
7726,Sat,07:30:00,12:30:00,2P
7736,Mon-Fri,07:30:00,18:30:00,3P
7739,Sat,07:30:00,12:30:00,1P
7740,Sat,07:30:00,12:30:00,2P
7744,Sat,07:30:00,18:30:00,4P
7756,Sat,07:30:00,12:30:00,4P
7757,Mon-Fri,07:30:00,18:30:00,2P
7763,Mon-Fri,07:00:00,16:00:00,LZ30
7764,Mon-Fri,19:00:00,22:00:00,MP2P
7764,Sat-Sun,07:00:00,22:00:00,MP2P
7765,Mon-Fri,19:00:00,22:00:00,MP2P
7772,Mon-Fri,07:00:00,16:00:00,LZ30
7791,Mon-Fri,19:00:00,22:00:00,MP2P
7797,Sat,07:30:00,12:30:00,4P
7808,Mon-Fri,07:30:00,18:30:00,PP
7817,Mon-Fri,07:00:00,16:00:00,LZ30
7819,Mon-Fri,07:00:00,16:00:00,LZ30
7821,Mon-Fri,18:00:00,19:00:00,MP2P
7824,Mon-Fri,19:00:00,22:00:00,MP2P
7827,Mon-Fri,07:00:00,16:00:00,LZ30
7874,Mon-Fri,07:00:00,16:00:00,LZ30
7885,Sat-Sun,07:00:00,22:00:00,MP3P
7896,Mon-Fri,19:00:00,22:00:00,MP3P
7897,Mon-Fri,19:00:00,22:00:00,MP2P
7914,Mon-Fri,07:30:00,18:30:00,4P
7915,Mon-Fri,07:00:00,16:00:00,LZ30
7923,Mon-Fri,07:30:00,18:30:00,2P
7927,Mon-Fri,07:00:00,19:00:00,MP2P
7927,Mon-Fri,19:00:00,22:00:00,MP2P
7934,Mon-Fri,09:00:00,17:00:00,MP2P
7939,Sat-Sun,07:00:00,22:00:00,MP2P
7945,Mon-Fri,07:30:00,18:30:00,PP
7959,Sat-Sun,07:00:00,22:00:00,MP3P
7973,Mon-Fri,07:30:00,18:30:00,PP
7980,Mon-Fri,16:00:00,19:00:00,MP3P
7996,Mon-Sat,07:30:00,18:30:00,4P
7003,Mon-Fri,07:30:00,18:30:00,2P
7009,Sat,07:30:00,12:30:00,1P
7056,Sat,07:30:00,12:30:00,1P
7066,Mon-Fri,07:30:00,18:30:00,2P
7062,Sat,07:30:00,12:30:00,2P
7100,Mon-Fri,07:30:00,18:30:00,2P
7104,Sat,07:30:00,12:30:00,1P
7111,Sat,07:30:00,12:30:00,2P
7124,Mon-Fri,19:00:00,22:00:00,MP2P
7125,Mon-Fri,09:30:00,16:00:00,LZ30
7127,Mon-Fri,19:00:00,22:00:00,MP2P
7128,Mon-Fri,09:30:00,16:00:00,MP2P
7129,Mon-Fri,19:00:00,22:00:00,MP2P
7144,Mon-Fri,19:00:00,22:00:00,MP2P
7144,Sat-Sun,07:00:00,22:00:00,MP2P
7202,Mon-Sat,07:30:00,18:30:00,2P
7206,Sat,07:30:00,20:30:00,MP2P
7208,Mon-Sat,07:30:00,18:30:00,2P
7210,Mon-Fri,16:30:00,18:30:00,2P
7210,Sat,07:30:00,18:30:00,2P
7271,Mon-Fri,07:30:00,18:30:00,2P
7282,Mon-Sat,07:30:00,18:30:00,2P
7336,Mon-Fri,07:00:00,19:00:00,MP2P
7336,Mon-Fri,19:00:00,22:00:00,MP2P
7345,Mon-Fri,16:00:00,19:00:00,MP2P
7347,Mon-Fri,07:00:00,16:00:00,LZ30
7349,Mon-Fri,19:00:00,22:00:00,MP2P
7356,Mon-Fri,07:00:00,16:00:00,LZ30
7356,Mon-Fri,16:00:00,19:00:00,MP2P
7368,Mon-Fri,16:00:00,19:00:00,MP2P
7380,Mon-Fri,19:00:00,22:00:00,MP2P
7390,Sat-Sun,07:00:00,22:00:00,MP2P
7400,Mon-Fri,16:00:00,19:00:00,MP2P
7433,Mon-Fri,10:00:00,19:00:00,MP2P
7434,Sat-Sun,07:00:00,22:00:00,MP2P
7448,Mon-Fri,19:00:00,20:30:00,MP2P
7449,Sat,07:30:00,18:30:00,MP1P
7450,Mon-Fri,07:00:00,16:00:00,LZ30
7454,Mon-Fri,19:00:00,22:00:00,MP2P
7454,Sat-Sun,07:00:00,22:00:00,MP2P
7479,Mon-Fri,19:00:00,22:00:00,MP2P
7481,Sat-Sun,07:00:00,22:00:00,MP2P
7486,Sat-Sun,07:00:00,22:00:00,MP2P
7488,Mon-Fri,10:00:00,16:00:00,LZ30
7491,Mon-Fri,16:00:00,19:00:00,MP2P
7493,Sat-Sun,07:00:00,22:00:00,MP2P
7499,Mon-Fri,10:00:00,16:00:00,LZ30
7501,Mon-Fri,07:00:00,19:00:00,MP2P
7502,Mon-Fri,16:00:00,19:00:00,MP2P
7510,Mon-Fri,19:00:00,22:00:00,MP2P
7515,Mon-Fri,07:00:00,16:00:00,LZ30
7522,Mon-Fri,07:00:00,16:00:00,LZ30
7523,Mon-Fri,07:30:00,16:00:00,LZ30
7532,Mon-Fri,19:00:00,22:00:00,MP2P
7538,Sat-Sun,07:00:00,22:00:00,MP2P
7539,Mon-Fri,19:00:00,22:00:00,MP2P
7541,Sun,07:30:00,18:30:00,FP2P
7542,Mon-Fri,07:00:00,19:00:00,MP2P
7552,Mon-Fri,16:00:00,19:00:00,MP2P
7556,Sat-Sun,07:00:00,22:00:00,MP2P
7558,Mon-Fri,19:00:00,22:00:00,MP2P
7559,Mon-Fri,07:00:00,16:00:00,LZ30
7562,Mon-Fri,19:00:00,22:00:00,MP2P
7593,Mon-Fri,07:00:00,16:00:00,LZ30
7596,Mon-Fri,07:00:00,19:00:00,MP2P
7610,Mon-Fri,19:00:00,22:00:00,MP2P
7611,Mon-Fri,19:00:00,22:00:00,MP2P
7614,Mon-Fri,07:00:00,19:00:00,MP2P
7622,Mon-Fri,10:00:00,16:00:00,LZ30
7648,Mon-Fri,07:00:00,19:00:00,MP2P
7664,Sat,07:30:00,12:30:00,PP
7666,Sat,07:30:00,12:30:00,2P
7688,Mon-Sat,07:30:00,18:30:00,4P
7689,Mon-Fri,19:00:00,22:00:00,MP2P
7695,Mon-Fri,19:00:00,22:00:00,MP2P
7704,Mon-Fri,07:00:00,19:00:00,MP2P
7706,Mon-Fri,19:00:00,22:00:00,MP2P
7719,Sat,07:30:00,18:30:00,2P
7734,Mon-Fri,07:30:00,18:30:00,PP
7733,Sat,07:30:00,12:30:00,2P
7755,Mon-Fri,19:00:00,22:00:00,MP3P
7768,Sat-Sun,07:00:00,22:00:00,MP2P
7772,Sat-Sun,07:00:00,22:00:00,MP2P
7790,Mon-Fri,07:30:00,18:30:00,PP
7791,Sat-Sun,07:00:00,22:00:00,MP2P
7811,Mon-Fri,10:00:00,16:00:00,LZ30
7817,Mon-Fri,16:00:00,19:00:00,MP2P
7818,Sat-Sun,07:00:00,22:00:00,MP2P
7825,Mon-Fri,19:00:00,22:00:00,MP2P
7830,Mon-Fri,07:00:00,10:00:00,FP15
7834,Mon-Fri,07:00:00,19:00:00,MP3P
7837,Mon-Fri,07:00:00,19:00:00,MP3P
7832,Mon-Fri,16:00:00,19:00:00,MP3P
7863,Mon-Fri,07:00:00,19:00:00,MP3P
7866,Mon-Fri,07:00:00,16:00:00,LZ30
7870,Mon-Fri,19:00:00,22:00:00,MP3P
7873,Mon-Fri,19:00:00,22:00:00,MP2P
7873,Sat-Sun,07:00:00,22:00:00,MP2P
7874,Sat-Sun,07:00:00,22:00:00,MP2P
7877,Mon-Sat,07:00:00,19:00:00,3P
7897,Mon-Fri,18:00:00,19:00:00,MP2P
7907,Mon-Fri,19:00:00,22:00:00,MP3P
7917,Mon-Fri,19:00:00,22:00:00,MP3P
7947,Mon-Fri,07:00:00,19:00:00,MP2P
7950,Mon-Fri,07:30:00,18:30:00,PP
7953,Mon-Fri,19:00:00,22:00:00,MP3P
7955,Mon-Fri,07:00:00,16:00:00,LZ30
7956,Mon-Fri,07:30:00,18:30:00,PP
7960,Mon-Fri,16:00:00,19:00:00,MP3P
7970,Mon-Fri,07:00:00,16:00:00,LZ30
7970,Mon-Fri,19:00:00,22:00:00,MP2P
7985,Mon-Fri,07:30:00,18:30:00,2P
7988,Mon-Fri,07:30:00,18:30:00,1P
7990,Mon-Fri,19:00:00,22:00:00,MP2P
7993,Mon-Fri,07:30:00,18:30:00,2P
7002,Mon-Fri,07:30:00,18:30:00,4P
7010,Mon-Fri,07:30:00,18:30:00,2P
7020,Sat,07:30:00,12:30:00,1P
7033,Sat,07:30:00,12:30:00,2P
7035,Mon-Fri,07:30:00,18:30:00,2P
7030,Sat,07:30:00,12:30:00,1P
7050,Mon-Fri,07:30:00,18:30:00,1P
7061,Mon-Fri,07:30:00,18:30:00,2P
7067,Sat,07:30:00,12:30:00,2P
7074,Mon-Fri,07:30:00,18:30:00,4P
7081,Mon-Fri,07:30:00,18:30:00,2P
7086,Mon-Fri,07:30:00,18:30:00,1P
7087,Mon-Fri,07:30:00,18:30:00,2P
7088,Sat,07:30:00,12:30:00,4P
7107,Sat,07:30:00,12:30:00,1P
7118,Sat,00:00:00,07:30:00,2P
7131,Mon-Fri,09:30:00,16:30:00,MP2P
7131,Sat-Sun,07:00:00,22:00:00,MP2P
7130,Sat-Sun,07:00:00,22:00:00,MP2P
7133,Mon-Fri,19:00:00,22:00:00,MP2P
7135,Sat-Sun,07:00:00,22:00:00,MP2P
7139,Mon-Fri,09:30:00,16:30:00,MP2P
7144,Mon-Fri,09:30:00,16:30:00,MP2P
7154,Mon-Fri,07:30:00,18:30:00,PP
7157,Mon-Sat,07:30:00,18:30:00,2P
7160,Mon-Sat,07:30:00,18:30:00,2P
7162,Mon-Fri,19:00:00,22:00:00,MP2P
7185,Mon-Sat,07:30:00,18:30:00,2P
7191,Mon-Sat,07:30:00,18:30:00,2P
7193,Mon-Sat,07:30:00,18:30:00,2P
7200,Mon-Sat,07:30:00,18:30:00,2P
7209,Mon-Sat,07:30:00,18:30:00,3P
7216,Mon-Fri,09:30:00,16:00:00,LZ30
7219,Mon-Fri,07:00:00,16:00:00,LZ30
7219,Mon-Fri,16:00:00,19:00:00,MP2P
7223,Mon-Fri,16:00:00,19:00:00,MP2P
7236,Sat,07:30:00,12:30:00,1P
7239,Mon-Fri,09:30:00,18:30:00,2P
7237,Mon-Fri,07:30:00,16:00:00,2P
7255,Mon-Fri,07:30:00,18:30:00,2P
7261,Mon-Sat,07:30:00,18:30:00,2P
7267,Mon-Sat,07:30:00,18:30:00,2P
7275,Mon-Fri,09:00:00,16:00:00,MP2P
7306,Sat-Sun,07:00:00,22:00:00,MP2P
7318,Sat-Sun,07:00:00,22:00:00,MP4P
7310,Mon-Fri,19:00:00,22:00:00,MP2P
7311,Mon-Fri,16:00:00,19:00:00,MP2P
7329,Mon-Fri,19:00:00,22:00:00,MP2P
7334,Mon-Fri,19:00:00,22:00:00,MP2P
7331,Mon-Fri,19:00:00,22:00:00,MP2P
7350,Mon-Fri,19:00:00,22:00:00,MP2P
7355,Sat-Sun,07:00:00,22:00:00,MP2P
7356,Sat-Sun,07:00:00,22:00:00,MP2P
7360,Sat-Sun,07:00:00,22:00:00,MP2P
7363,Mon-Fri,07:00:00,16:00:00,LZ30
7370,Mon-Fri,07:30:00,18:30:00,PP
7375,Sat,07:30:00,12:30:00,4P
7380,Sat-Sun,07:00:00,22:00:00,MP2P
7388,Mon-Fri,19:00:00,22:00:00,MP2P
7390,Mon-Fri,07:00:00,16:00:00,LZ30
7398,Mon-Fri,16:00:00,19:00:00,MP2P
7396,Mon-Fri,19:00:00,22:00:00,MP2P
7402,Mon-Fri,19:00:00,22:00:00,MP2P
7406,Mon-Fri,07:00:00,19:00:00,MP2P
7406,Mon-Fri,19:00:00,22:00:00,MP2P
7408,Mon-Fri,16:00:00,19:00:00,MP2P
7411,Mon-Fri,07:00:00,16:00:00,LZ30
7415,Mon-Fri,19:00:00,22:00:00,MP2P
7416,Sat-Sun,07:00:00,22:00:00,MP2P
7428,Mon-Fri,07:00:00,19:00:00,MP2P
7437,Mon-Fri,10:00:00,16:00:00,LZ30
7438,Mon-Fri,19:00:00,22:00:00,MP2P
7437,Sat-Sun,07:00:00,22:00:00,MP2P
7450,Mon-Fri,19:00:00,22:00:00,MP2P
7450,Sat-Sun,07:00:00,22:00:00,MP2P
7451,Mon-Fri,07:00:00,19:00:00,MP2P
7451,Sat-Sun,07:00:00,22:00:00,MP2P
7454,Mon-Fri,16:00:00,19:00:00,MP2P
7457,Mon-Fri,16:00:00,19:00:00,MP2P
7466,Sat-Sun,07:00:00,22:00:00,MP4P
7480,Mon-Fri,10:00:00,16:00:00,LZ30
7482,Mon-Fri,10:00:00,16:00:00,LZ30
7482,Mon-Fri,19:00:00,22:00:00,MP2P
7485,Mon-Fri,19:00:00,22:00:00,MP2P
7485,Sat-Sun,07:00:00,22:00:00,MP2P
7493,Mon-Fri,07:00:00,16:00:00,LZ30
7505,Mon-Fri,07:00:00,22:00:00,LZ30
7514,Sat-Sun,07:00:00,22:00:00,MP2P
7519,Sat-Sun,07:00:00,22:00:00,MP2P
7528,Mon-Fri,07:00:00,16:00:00,LZ30
7528,Mon-Fri,16:00:00,19:00:00,MP2P
7534,Mon-Fri,19:00:00,22:00:00,MP2P
7541,Mon-Fri,07:00:00,16:00:00,LZ30
7543,Sat-Sun,07:00:00,22:00:00,MP2P
7545,Sat-Sun,07:00:00,22:00:00,MP2P
7550,Mon-Fri,16:00:00,19:00:00,MP2P
7553,Mon-Fri,10:00:00,16:00:00,LZ30
7559,Mon-Fri,16:00:00,19:00:00,MP2P
7560,Sat-Sun,07:00:00,22:00:00,MP2P
7566,Mon-Fri,07:00:00,19:00:00,MP2P
7566,Sat-Sun,07:00:00,22:00:00,MP2P
7564,Mon-Fri,16:00:00,19:00:00,MP2P
7567,Mon-Fri,19:00:00,22:00:00,MP2P
7572,Sat-Sun,07:00:00,22:00:00,MP2P
7567,Sat-Sun,07:00:00,22:00:00,MP2P
7574,Sat-Sun,07:00:00,22:00:00,MP2P
7576,Sat-Sun,07:00:00,22:00:00,MP2P
7580,Mon-Fri,07:00:00,19:00:00,MP2P
7584,Mon-Fri,07:30:00,09:30:00,QP
7585,Mon-Sat,07:30:00,18:30:00,PP
7587,Mon-Sat,07:30:00,18:30:00,4P
7589,Sat,07:30:00,12:30:00,2P
7594,Sat-Sun,07:00:00,22:00:00,MP2P
7603,Mon-Fri,07:00:00,16:00:00,MP2P
7603,Mon-Fri,07:30:00,16:00:00,MP1P
7606,Sat-Sun,07:00:00,22:00:00,MP2P
7610,Mon-Fri,07:00:00,19:00:00,MP2P
7612,Mon-Fri,07:00:00,16:00:00,MP2P
7616,Sat,09:00:00,14:30:00,MP1P
7621,Mon-Fri,10:00:00,16:00:00,MP2P
7621,Mon-Fri,19:00:00,22:00:00,MP2P
7623,Mon-Fri,07:00:00,16:00:00,LZ30
7626,Mon-Fri,19:00:00,22:00:00,MP2P
7628,Mon-Fri,19:00:00,22:00:00,MP2P
7631,Mon-Fri,19:00:00,22:00:00,MP2P
7633,Mon-Fri,19:00:00,22:00:00,MP2P
7634,Mon-Fri,19:00:00,22:00:00,MP2P
7636,Mon-Fri,19:00:00,22:00:00,MP2P
7640,Sat-Sun,07:00:00,22:00:00,MP2P
7643,Mon-Fri,19:00:00,22:00:00,MP2P
7652,Mon-Fri,07:00:00,19:00:00,MP4P
7655,Mon-Fri,07:30:00,16:30:00,2P
7664,Mon-Fri,07:30:00,16:30:00,PP
7666,Mon-Fri,07:30:00,16:30:00,2P
7672,Sat-Sun,07:00:00,22:00:00,MP2P
7676,Mon-Fri,19:00:00,22:00:00,MP2P
7687,Mon-Fri,09:30:00,16:00:00,MP2P
7687,Sat-Sun,07:00:00,22:00:00,MP2P
7686,Sat-Sun,07:00:00,22:00:00,MP2P
7693,Sat-Sun,07:00:00,22:00:00,MP2P
7695,Mon-Fri,07:00:00,16:00:00,LZ30
7696,Mon-Fri,07:00:00,16:00:00,MP2P
7697,Mon-Fri,19:00:00,22:00:00,MP2P
7703,Mon-Fri,16:00:00,19:00:00,MP2P
7704,Mon-Fri,19:00:00,22:00:00,MP2P
7705,Mon-Fri,19:00:00,22:00:00,MP2P
7709,Sat,07:30:00,12:30:00,4P
7712,Mon-Sat,07:30:00,23:00:00,1P
7717,Mon-Fri,07:30:00,18:30:00,4P
7719,Mon-Fri,07:30:00,15:00:00,2P
7725,Sat,07:30:00,12:30:00,2P
7722,Sat,07:30:00,12:30:00,1P
7730,Sat,07:30:00,12:30:00,4P
7728,Sat,07:30:00,12:30:00,2P
7736,Sat,07:30:00,12:30:00,3P
7741,Sat,07:30:00,12:30:00,4P
7748,Mon-Fri,07:30:00,18:30:00,2P
7753,Sat,07:30:00,12:30:00,2P
7754,Mon-Fri,07:00:00,19:00:00,MP3P
7755,Mon-Fri,16:00:00,19:00:00,MP3P
7760,Sat-Sun,07:00:00,22:00:00,MP3P
7766,Mon-Fri,07:30:00,18:30:00,2P
7770,Mon-Fri,19:00:00,22:00:00,MP2P
7782,Mon-Fri,07:30:00,18:30:00,PP
7785,Mon-Fri,07:30:00,18:30:00,3P
7789,Sat,07:30:00,12:30:00,PP
7792,Mon-Fri,19:00:00,22:00:00,MP2P
7796,Sat,07:30:00,12:30:00,4P
7797,Mon-Fri,07:30:00,18:30:00,4P
7799,Sat,07:30:00,12:30:00,4P
7813,Mon-Fri,07:00:00,19:00:00,MP3P
7811,Sat-Sun,07:00:00,22:00:00,MP2P
7814,Mon-Fri,07:00:00,16:00:00,LZ30
7816,Mon-Fri,18:30:00,19:00:00,MP2P
7821,Mon-Fri,10:00:00,16:00:00,MP2P
7822,Mon-Fri,18:30:00,19:00:00,MP2P
7822,Mon-Fri,19:00:00,22:00:00,MP2P
7816,Sat-Sun,07:00:00,22:00:00,MP2P
7824,Mon-Fri,18:30:00,19:00:00,MP2P
7827,Mon-Fri,19:00:00,22:00:00,MP4P
7833,Mon-Fri,07:00:00,19:00:00,MP3P
7833,Sat-Sun,07:00:00,22:00:00,MP3P
7836,Mon-Fri,19:00:00,22:00:00,MP3P
7837,Mon-Fri,19:00:00,22:00:00,MP3P
7842,Mon-Fri,19:00:00,22:00:00,MP3P
7847,Mon-Fri,19:00:00,22:00:00,MP3P
7850,Sat-Sun,07:00:00,22:00:00,MP2P
7854,Mon-Fri,07:00:00,19:00:00,MP3P
7858,Mon-Fri,19:00:00,22:00:00,MP3P
7858,Sat-Sun,07:00:00,22:00:00,MP3P
7867,Mon-Fri,07:00:00,19:00:00,MP3P
7865,Mon-Fri,16:00:00,19:00:00,MP2P
7869,Sat-Sun,07:00:00,22:00:00,MP3P
7871,Sat-Sun,07:00:00,22:00:00,MP2P
7885,Mon-Fri,19:00:00,22:00:00,MP3P
7887,Mon-Fri,07:00:00,19:00:00,MP3P
7890,Sat-Sun,07:00:00,22:00:00,MP3P
7886,Mon-Fri,19:00:00,22:00:00,MP3P
7891,Mon-Fri,19:00:00,22:00:00,MP3P
7891,Sat-Sun,07:00:00,22:00:00,MP3P
7886,Sat-Sun,07:00:00,22:00:00,MP3P
7899,Mon-Fri,07:00:00,16:00:00,LZ30
7901,Mon-Fri,18:00:00,19:00:00,MP2P
7915,Mon-Fri,19:00:00,22:00:00,MP2P
7924,Mon-Fri,07:30:00,18:30:00,2P
7930,Mon-Sat,07:30:00,18:30:00,2P
7934,Mon-Sun,19:00:00,22:00:00,MP2P
7934,Sat-Sun,09:00:00,17:00:00,MP2P
7938,Mon-Fri,07:00:00,16:00:00,LZ30
7938,Mon-Fri,16:00:00,19:00:00,MP2P
7936,Sat,07:30:00,12:30:00,2P
7937,Mon-Fri,07:00:00,19:00:00,MP2P
7942,Mon-Fri,10:00:00,16:00:00,MP2P
7944,Mon-Fri,15:00:00,16:00:00,FP15
7948,Mon-Fri,07:00:00,16:00:00,LZ30
7949,Sat-Sun,07:00:00,22:00:00,MP2P
7954,Sat,07:30:00,12:30:00,4P
7955,Sat-Sun,07:00:00,22:00:00,MP3P
7960,Sat-Sun,07:00:00,22:00:00,MP3P
7961,Mon-Fri,07:30:00,18:30:00,4P
7965,Mon-Fri,07:30:00,18:30:00,4P
7978,Mon-Fri,19:00:00,22:00:00,MP3P
7979,Mon-Fri,07:00:00,19:00:00,MP3P
7983,Sat-Sun,07:00:00,22:00:00,MP3P
7984,Mon-Fri,07:00:00,16:00:00,LZ30
7984,Mon-Fri,16:00:00,19:00:00,MP3P
7007,Mon-Fri,07:30:00,18:30:00,2P
7009,Mon-Fri,07:30:00,18:30:00,1P
7010,Sat,07:30:00,12:30:00,2P
7014,Sat,07:30:00,12:30:00,1P
7031,Sat,07:30:00,12:30:00,2P
7047,Mon-Fri,07:30:00,18:30:00,2P
7056,Mon-Fri,07:30:00,18:30:00,1P
7077,Mon-Sat,07:30:00,18:30:00,4P
7079,Mon-Fri,07:30:00,18:30:00,4P
7081,Sat,07:30:00,12:30:00,2P
7095,Mon-Fri,07:30:00,18:30:00,1P
7100,Sat,07:30:00,12:30:00,2P
7114,Mon-Fri,09:30:00,18:30:00,4P
7124,Sat-Sun,07:00:00,22:00:00,MP2P
7136,Mon-Fri,09:30:00,16:00:00,MP2P
7156,Mon-Sat,07:30:00,18:30:00,2P
7159,Mon-Sat,07:30:00,18:30:00,2P
7189,Sat-Sun,07:00:00,22:00:00,MP2P
7206,Sun,07:30:00,18:30:00,FP2P
7213,Mon-Sat,07:30:00,18:30:00,2P
7216,Mon-Fri,18:00:00,19:00:00,MP2P
7218,Sat-Sun,07:00:00,22:00:00,MP2P
7229,Mon-Fri,16:00:00,18:30:00,QP
7330,Mon-Fri,10:00:00,15:00:00,3P
7335,Mon-Fri,19:00:00,22:00:00,MP2P
7344,Sat-Sun,07:00:00,22:00:00,MP2P
7349,Sat-Sun,07:00:00,22:00:00,MP2P
7358,Sat-Sun,07:00:00,22:00:00,MP2P
7365,Mon-Fri,19:00:00,22:00:00,MP2P
7371,Mon-Fri,07:30:00,18:30:00,3P
7368,Mon-Fri,19:00:00,22:00:00,MP2P
7459,Mon-Fri,16:00:00,19:00:00,MP2P
7462,Mon-Fri,19:00:00,22:00:00,MP2P
7468,Mon-Fri,09:00:00,16:30:00,PP
7480,Mon-Fri,19:00:00,22:00:00,MP2P
7486,Mon-Fri,19:00:00,22:00:00,MP2P
7487,Sat-Sun,07:00:00,22:00:00,MP2P
7496,Mon-Fri,19:00:00,22:00:00,MP2P
7499,Mon-Fri,16:00:00,19:00:00,MP2P
7522,Sat-Sun,07:00:00,22:00:00,MP2P
7523,Mon-Fri,16:00:00,20:30:00,MP2P
7537,Sat-Sun,07:00:00,22:00:00,MP2P
7539,Sat-Sun,07:00:00,22:00:00,MP2P
7541,Mon-Fri,19:00:00,22:00:00,MP2P
7547,Mon-Fri,19:00:00,22:00:00,MP2P
7548,Mon-Fri,18:00:00,19:00:00,MP2P
7551,Sat-Sun,07:00:00,22:00:00,MP2P
7552,Mon-Fri,07:00:00,16:00:00,LZ30
7556,Mon-Fri,07:00:00,19:00:00,MP2P
7552,Sat-Sun,07:00:00,22:00:00,MP2P
7557,Sat-Sun,07:00:00,22:00:00,MP2P
7559,Mon-Fri,19:00:00,22:00:00,MP2P
7558,Sat-Sun,07:00:00,22:00:00,MP2P
7560,Mon-Fri,19:00:00,22:00:00,MP2P
7561,Mon-Fri,09:00:00,16:00:00,MP2P
7571,Mon-Fri,19:00:00,22:00:00,MP2P
7573,Sat-Sun,07:00:00,22:00:00,MP2P
7574,Mon-Fri,19:00:00,22:00:00,MP2P
7577,Mon-Fri,07:00:00,16:00:00,MP2P
7580,Mon-Fri,19:00:00,22:00:00,MP2P
7580,Mon-Sat,07:30:00,20:30:00,MP4P
7584,Mon-Fri,07:30:00,09:30:00,5P
7586,Mon-Fri,07:30:00,18:30:00,2P
7590,Mon-Fri,16:00:00,19:00:00,MP2P
7591,Sat-Sun,07:00:00,22:00:00,MP2P
7594,Mon-Fri,19:00:00,22:00:00,MP2P
7596,Mon-Fri,19:00:00,22:00:00,MP2P
7603,Sat-Sun,07:00:00,22:00:00,MP2P
7604,Mon-Fri,19:00:00,22:00:00,MP2P
7605,Mon-Fri,19:00:00,22:00:00,MP2P
7611,Mon-Fri,07:00:00,16:00:00,LZ30
7615,Mon-Fri,07:00:00,16:00:00,LZ30
7615,Mon-Fri,16:00:00,19:00:00,MP2P
7624,Mon-Fri,19:00:00,22:00:00,MP2P
7625,Mon-Fri,19:00:00,22:00:00,MP2P
7627,Mon-Fri,19:00:00,22:00:00,MP2P
7629,Mon-Fri,07:00:00,16:00:00,LZ30
7629,Mon-Fri,19:00:00,22:00:00,MP2P
7630,Sat-Sun,07:00:00,22:00:00,MP2P
7632,Mon-Fri,07:00:00,19:00:00,MP2P
7632,Sat-Sun,07:00:00,22:00:00,MP2P
7636,Sat-Sun,07:00:00,22:00:00,MP2P
7641,Mon-Fri,07:00:00,19:00:00,MP2P
7645,Mon-Fri,07:00:00,19:00:00,MP2P
7687,Mon-Fri,09:30:00,16:30:00,MP2P
7693,Mon-Fri,07:00:00,16:00:00,LZ30
7760,Mon-Fri,16:00:00,19:00:00,MP3P
7765,Mon-Fri,07:00:00,19:00:00,MP2P
7767,Sat-Sun,07:00:00,22:00:00,MP2P
7774,Mon-Fri,19:00:00,22:00:00,MP2P
7796,Mon-Fri,07:30:00,18:30:00,4P
7816,Mon-Fri,10:00:00,15:30:00,LZ30
7823,Sat-Sun,07:00:00,22:00:00,MP2P
7824,Sat-Sun,07:00:00,22:00:00,MP2P
7833,Mon-Fri,19:00:00,22:00:00,MP3P
7838,Mon-Fri,19:00:00,22:00:00,MP2P
7845,Mon-Fri,19:00:00,22:00:00,MP3P
7846,Sat-Sun,07:00:00,22:00:00,MP3P
7847,Sat-Sun,07:00:00,22:00:00,MP3P
7832,Sat-Sun,07:00:00,22:00:00,MP3P
7852,Sat-Sun,07:00:00,22:00:00,MP3P
7863,Sat-Sun,07:00:00,22:00:00,MP3P
7866,Mon-Fri,19:00:00,22:00:00,MP2P
7871,Mon-Fri,07:00:00,19:00:00,MP2P
7872,Sat-Sun,07:00:00,22:00:00,MP2P
7865,Sat-Sun,07:00:00,22:00:00,MP2P
7879,Mon-Fri,07:30:00,18:30:00,4P
7887,Sat-Sun,07:00:00,22:00:00,MP3P
7906,Mon-Fri,19:00:00,22:00:00,MP3P
7907,Sat-Sun,07:00:00,22:00:00,MP3P
7913,Mon-Fri,07:30:00,18:30:00,4P
7917,Mon-Fri,07:00:00,16:00:00,LZ30
7921,Sat-Sun,07:00:00,22:00:00,MP2P
7925,Sat,07:30:00,12:30:00,4P
7933,Mon-Fri,16:00:00,19:00:00,MP2P
7943,Mon-Fri,10:00:00,16:00:00,MP2P
7949,Mon-Fri,07:00:00,16:00:00,LZ30
7954,Mon-Fri,07:30:00,18:30:00,4P
7957,Mon-Fri,16:00:00,19:00:00,MP3P
7964,Sat,07:30:00,12:30:00,PP
7979,Sat-Sun,07:00:00,22:00:00,MP3P
7980,Mon-Fri,07:00:00,16:00:00,LZ30
7989,Mon-Fri,19:00:00,22:00:00,MP3P
7992,Mon-Sat,07:30:00,18:30:00,4P
7015,Mon-Fri,07:30:00,18:30:00,3P
7023,Mon-Fri,07:30:00,18:30:00,2P
7027,Sat,07:30:00,12:30:00,4P
7068,Mon-Fri,07:30:00,18:30:00,1P
7084,Sat,07:30:00,12:30:00,2P
7086,Sat,07:30:00,12:30:00,1P
7131,Mon-Fri,18:30:00,19:00:00,MP2P
7132,Mon-Fri,19:00:00,22:00:00,MP2P
7135,Mon-Fri,19:00:00,22:00:00,MP2P
7162,Mon-Fri,09:30:00,16:30:00,LZ30
7167,Mon-Sat,07:30:00,18:30:00,2P
7190,Mon-Fri,07:00:00,16:00:00,LZ30
7253,Mon-Fri,07:30:00,18:30:00,2P
7256,Mon-Fri,07:30:00,18:30:00,4P
7284,Mon-Fri,07:30:00,18:30:00,2P
7285,Mon-Fri,07:30:00,18:30:00,2P
7287,Mon-Fri,07:30:00,18:30:00,PP
7297,Sat,07:30:00,12:30:00,2P
7317,Mon-Fri,19:00:00,22:00:00,MP4P
7320,Sat-Sun,07:00:00,22:00:00,MP2P
7332,Sat-Sun,07:00:00,22:00:00,MP2P
7348,Mon-Fri,07:30:00,23:00:00,2P
7358,Mon-Fri,07:00:00,19:00:00,MP2P
7359,Sat-Sun,07:00:00,22:00:00,MP2P
7362,Mon-Fri,16:00:00,19:00:00,MP2P
7376,Sat,07:30:00,12:30:00,4P
7388,Mon-Fri,07:00:00,19:00:00,MP2P
7398,Mon-Fri,07:00:00,16:00:00,LZ30
7399,Mon-Fri,10:00:00,16:00:00,MP2P
7412,Mon-Fri,19:00:00,22:00:00,MP2P
7412,Sat-Sun,07:00:00,22:00:00,MP2P
7445,Mon-Fri,07:00:00,10:00:00,FP15
7445,Mon-Fri,19:00:00,22:00:00,MP2P
7488,Sat-Sun,07:00:00,22:00:00,MP2P
7504,Sat-Sun,07:00:00,22:00:00,MP2P
7506,Mon-Fri,07:00:00,16:00:00,LZ30
7506,Mon-Fri,16:00:00,19:00:00,MP2P
7521,Mon-Fri,07:00:00,16:00:00,LZ30
7525,Sat-Sun,07:00:00,22:00:00,MP2P
7542,Sat-Sun,07:00:00,22:00:00,MP2P
7541,Sat-Sun,07:00:00,22:00:00,MP2P
7545,Mon-Fri,16:00:00,19:00:00,MP2P
7549,Sat-Sun,07:00:00,22:00:00,MP2P
7553,Mon-Fri,16:00:00,19:00:00,MP2P
7554,Mon-Fri,07:00:00,16:00:00,MP2P
7554,Mon-Fri,19:00:00,22:00:00,MP2P
7561,Mon-Fri,19:00:00,22:00:00,MP2P
7565,Mon-Fri,19:00:00,22:00:00,MP2P
7567,Mon-Sun,07:00:00,22:00:00,DP2P
7572,Mon-Fri,10:00:00,16:00:00,LZ30
7575,Mon-Fri,07:00:00,16:00:00,MP2P
7581,Mon-Fri,09:30:00,15:00:00,2P
7581,Sat,07:30:00,18:30:00,PP
7592,Mon-Fri,19:00:00,22:00:00,MP2P
7603,Sat,07:30:00,18:30:00,MP1P
7603,Sun,07:30:00,18:30:00,FP1P
7607,Mon-Fri,19:00:00,22:00:00,MP2P
7615,Mon-Fri,19:00:00,22:00:00,MP2P
7617,Mon-Sat,07:30:00,18:30:00,MP1P
7623,Mon-Fri,16:00:00,19:00:00,MP2P
7623,Mon-Fri,19:00:00,22:00:00,MP2P
7627,Sat-Sun,07:00:00,22:00:00,MP2P
7632,Mon-Fri,19:00:00,22:00:00,MP2P
7636,Mon-Fri,07:00:00,19:00:00,MP2P
7646,Mon-Fri,07:00:00,16:00:00,LZ30
7647,Mon-Fri,16:00:00,19:00:00,MP2P
7674,Mon-Fri,07:00:00,16:00:00,LZ30
7689,Sat-Sun,07:00:00,22:00:00,MP2P
7725,Mon-Fri,07:30:00,18:30:00,1P
7733,Mon-Fri,07:30:00,18:30:00,2P
7754,Sat-Sun,07:00:00,22:00:00,MP3P
7763,Mon-Fri,07:00:00,16:00:00,MP2P
7763,Mon-Fri,19:00:00,22:00:00,MP2P
7767,Mon-Fri,19:00:00,22:00:00,MP2P
7781,Sat,07:30:00,12:30:00,PP
7779,Mon-Fri,19:00:00,22:00:00,MP2P
7780,Mon-Fri,19:00:00,22:00:00,MP2P
7782,Sat,07:30:00,12:30:00,PP
7806,Mon-Fri,07:30:00,18:30:00,PP
7801,Sat-Sun,07:00:00,22:00:00,MP2P
7810,Mon-Fri,10:00:00,19:00:00,MP2P
7817,Sat-Sun,07:00:00,22:00:00,MP2P
7842,Sat-Sun,07:00:00,22:00:00,MP3P
7848,Mon-Fri,19:00:00,22:00:00,MP3P
7849,Mon-Fri,19:00:00,22:00:00,MP3P
7861,Mon-Fri,19:00:00,22:00:00,MP3P
7876,Sat-Sun,07:00:00,22:00:00,MP4P
7893,Sat-Sun,07:00:00,22:00:00,MP3P
7908,Mon-Fri,07:00:00,19:00:00,MP3P
7921,Mon-Fri,19:00:00,22:00:00,MP2P
7929,Sat-Sun,07:00:00,22:00:00,MP2P
7944,Mon-Fri,10:00:00,15:00:00,MP2P
7952,Mon-Fri,17:00:00,19:00:00,MP2P
7957,Mon-Fri,19:00:00,22:00:00,MP3P
7959,Mon-Fri,19:00:00,22:00:00,MP3P
7967,Mon-Fri,07:00:00,16:00:00,LZ30
7968,Mon-Fri,19:00:00,22:00:00,MP2P
7969,Mon-Fri,19:00:00,22:00:00,MP2P
7994,Mon-Fri,07:00:00,16:00:00,LZ30
7994,Mon-Fri,16:00:00,19:00:00,MP3P
7997,Mon-Fri,19:00:00,22:00:00,MP3P
7998,Mon-Fri,16:00:00,19:00:00,MP3P
